Area,Name,Rating,Total Ratings,Address,Latitude,Longitude,Popularity Score,Estimated Monthly Visitors,Average Spend,Estimated Revenue,Cafe Category,
Colaba,Cafe Basilico - Colaba,4.2,1203,"Sentinel House, Ground Floor, Arthur Bunder Rd, Azmi Street, Colaba, Mumbai, Maharashtra 400005, India",18.918783,72.830502,5052.6,30075,? 350.00,"? 1,05,26,250.00",Popular,
Colaba,Leopold Cafe,4.2,29972,"Police Station, Shahid Bhagat Singh Road, Colaba Causeway, near Colaba, Mumbai, Maharashtra 400001, India",18.9226402,72.8316401,125882.4,749300,? 350.00,"? 26,22,55,000.00",Popular,
Colaba,Bay view Cafe,4.2,3443,"25, PJ Ramchandani Marg, Apollo Bandar, Colaba, Mumbai, Maharashtra 400001, India",18.9188514,72.8319915,14460.6,86075,? 350.00,"? 3,01,26,250.00",Popular,
Colaba,Cafe Churchill,4.3,2868,"East West Court Building, Colaba Causeway, Apollo Bandar, Colaba, Mumbai, Maharashtra 400001, India",18.9199081,72.8302691,12332.4,71700,? 350.00,"? 2,50,95,000.00",Popular,
Colaba,Mag St.,4.4,1283,"Mag St., 4, Mandlik Rd, Apollo Bandar, Colaba, Mumbai, Maharashtra 400001, India",18.9221086,72.8324156,5645.2,32075,? 450.00,"? 1,44,33,750.00",Popular,
Colaba,Cafe Mondegar,4.4,4578,"Metro House, Colaba Causeway, near Regal Cinema, Apollo Bandar, Colaba, Mumbai, Maharashtra 400001, India",18.9240503,72.8321547,20143.2,114450,? 450.00,"? 5,15,02,500.00",Popular,
Colaba,Olympia Coffee House,4.3,6192,"Rahim Mansion, 1, Shahid Bhagat Singh Rd, Scindia Society, Police Colony, Apollo Bandar, Colaba, Mumbai, Maharashtra 400039, India",18.922886,72.8313856,26625.6,154800,? 350.00,"? 5,41,80,000.00",Popular,
Colaba,Colaba SOCIAL,4.2,9490,"B K Boman Behram Marg Shop 24, Ground Floor, Apollo Bandar, Colaba, Mumbai, Maharashtra 400001, India",18.9216619,72.8322984,39858,237250,? 350.00,"? 8,30,37,500.00",Popular,
Colaba,Bake House Cafe,4.4,3447,"WRHJ+6XF, Chamber of Commerce Ln, Kala Ghoda, Fort, Mumbai, Maharashtra 400001, India",18.928067,72.832416,15166.8,86175,? 450.00,"? 3,87,78,750.00",Popular,
Colaba,Kala Ghoda Cafe,4.3,4955,"10, Rope Walk Ln, Kala Ghoda, Fort, Mumbai, Maharashtra 400001, India",18.9284954,72.8322067,21306.5,123875,? 350.00,"? 4,33,56,250.00",Popular,
Colaba,Zen Cafe,4.3,1136,"Fort Foundation Building, Bake House Ln, Kala Ghoda, Fort, Mumbai, Maharashtra 400001, India",18.9276626,72.832998,4884.8,28400,? 350.00,"? 99,40,000.00",Popular,
Colaba,Kuckeliku Breakfast House,4.2,542,"First Floor, Kamal Mansion, 4/25, Arthur Bunder Rd, near Radio Club, Apollo Bandar, Colaba, Mumbai, Maharashtra 400005, India",18.9182944,72.8308737,2276.4,13550,? 350.00,"? 47,42,500.00",Popular,
Colaba,Banyan Tree Cafe,4.3,1395,"7, 9, Calicut Rd, Ballard Estate, Fort, Mumbai, Maharashtra 400001, India",18.935253,72.8383786,5998.5,34875,? 350.00,"? 1,22,06,250.00",Popular,
Colaba,Theobroma,4.4,3926,"Shop No 24, Cusrow Baug, Shahid Bhagat Singh Road, Colaba Causeway, Colaba, Mumbai, Maharashtra 400005, India",18.9192596,72.8291845,17274.4,98150,? 450.00,"? 4,41,67,500.00",Popular,
Colaba,ARAKU Coffee,3.9,166,"No. 1, Sunny House, Mandlik Rd, behind The Taj Mahal Palace, Apollo Bandar, Colaba, Mumbai, Maharashtra 400001, India",18.9221204,72.8325544,647.4,4150,? 350.00,"? 14,52,500.00",Average,
Colaba,Cafe Marina,3.9,1747,"Sea Palace Hotel Mumbai, 26, PJ Ramchandani Marg, Apollo Bandar, Colaba, Mumbai, Maharashtra 400001, India",18.9190833,72.8319694,6813.3,43675,? 350.00,"? 1,52,86,250.00",Average,
Colaba,The Cacao Mill by Subko,4.3,668,"2nd Pasta Lane, Market, Badhwar Park, Apollo Bandar, Colaba, Mumbai, Maharashtra 400005, India",18.9183529,72.8277157,2872.4,16700,? 350.00,"? 58,45,000.00",Popular,
Colaba,US Club Fine Dine Cafe Lounge,4.6,3798,"WR24+52C, Mosque Ln, Navy Nagar, Colaba, Mumbai, Maharashtra 400005, India",18.9004264,72.8050118,17470.8,94950,? 450.00,"? 4,27,27,500.00",Premium,
Colaba,Kitchen Garden,4.3,335,"Nowroji Mansion, Roosevelt House, Furdonji Road, behind Taj Hotel, Apollo Bandar, Colaba, Mumbai, Maharashtra 400001, India",18.9226213,72.8325572,1440.5,8375,? 350.00,"? 29,31,250.00",Popular,
Colaba,Smoke House Deli Colaba,4.3,748,"B K Boman Behram Marg Ground Floor, Building 24, Apollo Bandar, Colaba, Mumbai, Maharashtra 400001, India",18.9216974,72.8322608,3216.4,18700,? 350.00,"? 65,45,000.00",Popular,
Colaba,Third Wave Coffee,4.8,1251,"Ground Floor, Star Mansion, Plot No 66, Wodehouse Rd, Cuffe Parade, Mumbai, Maharashtra 400005, India",18.9149945,72.8236451,6004.8,31275,? 550.00,"? 1,72,01,250.00",Premium,
Colaba,Mockingbird Cafe Bar,4.4,7038,"80, Veer Nariman Rd, Churchgate, Mumbai, Maharashtra 400020, India",18.9335015,72.826275,30967.2,175950,? 450.00,"? 7,91,77,500.00",Popular,
Colaba,Shamiana,4.4,1907,"The Taj Mahal Palace Hotel, B K Boman Behram Marg, Apollo Bandar, Colaba, Mumbai, Maharashtra 400001, India",18.9220554,72.8330387,8390.8,47675,? 450.00,"? 2,14,53,750.00",Popular,
Colaba,Cafe Universal RESTAURANT &BAR,4.3,2111,"299, Shahid Bhagat Singh Rd, opp. Geo Chem Laboratories, Ballard Estate, Fort, Mumbai, Maharashtra 400001, India",18.9361382,72.8376123,9077.3,52775,? 350.00,"? 1,84,71,250.00",Popular,
Colaba,Mews Cafe,4.5,128,"Taj Wellington Mews, 33, Nathalal Parikh Marg, Cusrow Baug Colony, Apollo, Bandar, Maharashtra 400001, India",18.921534,72.828178,576,3200,? 450.00,"? 14,40,000.00",Premium,
Colaba,Madras Cafe,4,3057,"Aziz Mansion, Shahid Bhagat Singh Rd, Railway Colony, Apollo Bandar, Colaba, Mumbai, Maharashtra 400005, India",18.918354,72.8282565,12228,76425,? 350.00,"? 2,67,48,750.00",Popular,
Colaba,The Table,4.6,2871,"Ground Floor, Kalapesi Trust Building, opposite Dhanraj Mahal, Apollo Bandar, Colaba, Mumbai, Maharashtra 400039, India",18.924176,72.8330669,13206.6,71775,? 450.00,"? 3,22,98,750.00",Premium,
Colaba,Cafe Paris,4,373,"56 A, Makani Mansion, Shahid Bhagat Singh Rd, Marg, Colaba, Mumbai, Maharashtra 400005, India",18.9175127,72.8275682,1492,9325,? 350.00,"? 32,63,750.00",Popular,
Colaba,Sea Lounge,4.4,1264,"The Taj Mahal Palace Hotel, Apollo Bandar, Colaba, Mumbai, Maharashtra 400001, India",18.921611,72.8333051,5561.6,31600,? 450.00,"? 1,42,20,000.00",Popular,
Colaba,Souk,4.5,690,"The Taj Mahal Palace Hotel, Apollo Bunder, Colaba, Colaba, Mumbai, Maharashtra 400001, India",18.9220554,72.8330387,3105,17250,? 450.00,"? 77,62,500.00",Premium,
Colaba,Starbucks - Taj Palace (S003),4.5,3434,"opp. Gateway Of India, Apollo Bandar, Colaba, Mumbai, Maharashtra 400005, India",18.9215418,72.8325187,15453,85850,? 450.00,"? 3,86,32,500.00",Premium,
Colaba,Neuma,4.1,804,"Garden Chalet, 4/6, Mandlik Rd, near Regal Cinema, Apollo Bandar, Colaba, Mumbai, Maharashtra 400001, India",18.922257,72.8321413,3296.4,20100,? 350.00,"? 70,35,000.00",Popular,
Colaba,145 Kala Ghoda,4.4,4278,"Temple Bar Building, 145, Mahatma Gandhi Road, Kala Ghoda, Fort, Mumbai, Maharashtra 400001, India",18.9282771,72.831861,18823.2,106950,? 450.00,"? 4,81,27,500.00",Popular,
Colaba,Woodside Inn,4.4,2316,"Indian Mercantile Mansion, Wodehouse Road, Opposite Regal Cinema, Colaba Causeway, Colaba, Mumbai, Maharashtra 400039, India",18.9248583,72.8318556,10190.4,57900,? 450.00,"? 2,60,55,000.00",Popular,
Colaba,Bombay Coffee House Fort,4.4,478,"3, SS Ram Gulam Marg, Ballard Estate, Fort, Mumbai, Maharashtra 400001, India",18.9359545,72.8406353,2103.2,11950,? 450.00,"? 53,77,500.00",Popular,
Colaba,Koyla - Ethnic Cuisine,3.9,4866,"Kamal Mansion, 3/23, N.A. Azmi Road, next to Radio Club, Apollo Bandar, Colaba, Mumbai, Maharashtra 400005, India",18.9182944,72.8308737,18977.4,121650,? 350.00,"? 4,25,77,500.00",Average,
Colaba,Cafe Excelsior,4.1,1439,"Kitab Mahal, 23, AK Nayak Marg, opp. Excelsior Cinema, Azad Maidan, Fort, Mumbai, Maharashtra 400001, India",18.9375723,72.8336571,5899.9,35975,? 350.00,"? 1,25,91,250.00",Popular,
Colaba,Mini Room Cafe,4.5,139,"East West Court, Colaba Causeway, Apollo Bandar, Colaba, east, Mumbai, Maharashtra 400039, India",18.9200035,72.8301917,625.5,3475,? 450.00,"? 15,63,750.00",Premium,
Colaba,Bake Live Studio - Colaba,4.3,66,"Shop no- 3 & 4, Sukh Nivas, SBS Road, 3rd Pasta Ln, Mumbai, Maharashtra 400005, India",18.9176936,72.8277086,283.8,1650,? 350.00,"? 5,77,500.00",Popular,
Colaba,Cloud 9 Cafe,3.9,157,"Hotel Godwin, 41, Garden Rd, Apollo Bandar, Colaba, Mumbai, Maharashtra 400001, India",18.919003,72.830482,612.3,3925,? 350.00,"? 13,73,750.00",Average,
Colaba,Chikita Cafe,3.9,689,"Oriental Mansion Building, Nathalal Parikh Marg, opposite Regal Cinema, Dr Ambedkar Statue Chowk Area, Colaba, Mumbai, Maharashtra 400001, India",18.9249037,72.8318386,2687.1,17225,? 350.00,"? 60,28,750.00",Average,
Colaba,Bademiya,3.7,24277,"Bademiya, Tulloch Rd, Apollo Bandar, Colaba, Mumbai, Maharashtra 400039, India",18.9232359,72.8325226,89824.9,606925,? 350.00,"? 21,24,23,750.00",Average,
Colaba,Bagdadi Restaurant,4.1,9027,"Inter Continental Hotel, Tulloch Rd, behind The Taj Mahal Palace Hotel, Apollo Bandar, Colaba, Mumbai, Maharashtra 400039, India",18.9228806,72.83239,37010.7,225675,? 350.00,"? 7,89,86,250.00",Popular,
Colaba,The Nutcracker,4.4,3004,"Dr, Forbes St, Kala Ghoda, Fort, Mumbai, Maharashtra 400023, India",18.9283715,72.8337416,13217.6,75100,? 450.00,"? 3,37,95,000.00",Popular,
Colaba,Effingut - Colaba,4.3,1197,"Dhanraj Mahal, next to The Bentley Showroom, Colaba, Mumbai, Maharashtra 400005, India",18.9242381,72.8333141,5147.1,29925,? 350.00,"? 1,04,73,750.00",Popular,
Colaba,Colaba's Paradise (Authentic Parsi Cuisine),4.3,58,"Shop No.5, Ground Floor, 71 - Seaview Terrace, opp. Charagh DIn, Colaba, Mumbai, Maharashtra 400005, India",18.9150611,72.8242835,249.4,1450,? 350.00,"? 5,07,500.00",Popular,
Colaba,Bayroute,4.4,2503,"Minoo Manor Building, 7, Captain Prakash Pethe Marg, Badhwar Park, Apollo Bandar, Cuffe Parade, Mumbai, Maharashtra 400005, India",18.9173664,72.8245872,11013.2,62575,? 450.00,"? 2,81,58,750.00",Popular,
Colaba,Subko Mini at Abode Bombay,4.4,110,"First Floor, Lansdowne House, MB Marg, near Regal Cinema, Apollo Bandar, Colaba, Mumbai, Maharashtra 400001, India",18.9237846,72.8326089,484,2750,? 450.00,"? 12,37,500.00",Popular,
Colaba,Ling's Pavilion,4.4,1569,"building number 19, 21, MB Marg, regal cinema Apollo Bandar, Apollo Bandar, Colaba, Mumbai, Maharashtra 400001, India",18.9236959,72.8324316,6903.6,39225,? 450.00,"? 1,76,51,250.00",Popular,
Colaba,Nandini Cafe Moo- Mumbai Flagship Store,4.1,139,"3, Pheroze Building, Chhatrapati Shivaji Maharaj Marg, opp. Dhanraj Mahal, Apollo Bandar, Colaba, Mumbai, Maharashtra 400001, India",18.9238768,72.8333389,569.9,3475,? 350.00,"? 12,16,250.00",Popular,
Colaba,Rustico,4,2950,"Ground Floor 1, 48 Bank, Khattau Building, opposite Shahid Bhagat Singh Road, Kala Ghoda, Colaba, Mumbai, Maharashtra 400001, India",18.9296112,72.8345677,11800,73750,? 350.00,"? 2,58,12,500.00",Popular,
Colaba,Bombay Brasserie Colaba,4.5,965,"Dhanraj Mahal, Chhatrapati Shivaji Maharaj Marg, Apollo Bandar, Colaba, Mumbai, Maharashtra 400001, India",18.9242223,72.8335415,4342.5,24125,? 450.00,"? 1,08,56,250.00",Premium,
Colaba,"Verandah, Mumbai",4.6,466,"Verandah lounge ,Lobby Level, Trident Nariman Point, Near Air India, Building,, Mumbai, Maharashtra 400005, India",18.9276746,72.820946,2143.6,11650,? 450.00,"? 52,42,500.00",Premium,
Colaba,Chotu Chai Wala,5,16,"WRGH+7VC, Dr Ambedkar Statue Chowk Area, Colaba, Mumbai, Maharashtra 400001, India",18.9256998,72.8296372,80,400,? 550.00,"? 2,20,000.00",Premium,
Colaba,All Stir Fry,4.4,1239,"Ground Floor, 5, Battery St, Apollo Bandar, Colaba, Mumbai, Maharashtra 400005, India",18.9241391,72.8329571,5451.6,30975,? 450.00,"? 1,39,38,750.00",Popular,
Colaba,Olive Greens JIMMY BOY,4.5,197,"AOMI, Pilot Bandar Rd, opposite Afghan Church, Navy Nagar, Colaba, Mumbai, Maharashtra 400005, India",18.9058072,72.8168516,886.5,4925,? 450.00,"? 22,16,250.00",Premium,
Colaba,La Patisserie,3.6,96,"The Taj Mahal Palace Hotel, Apollo Bandar, Colaba, Mumbai, Maharashtra 400001, India",18.9219082,72.8332533,345.6,2400,? 350.00,"? 8,40,000.00",Average,
Colaba,Suzette,4.3,606,"A1, Atlanta Building, Ground Floor, Nariman Point, Mumbai, Maharashtra 400021, India",18.9249298,72.8215406,2605.8,15150,? 350.00,"? 53,02,500.00",Popular,
Colaba,Starbucks,4.5,937,"Block No 1, Ram Mahal, Building No 8, Ground Floor, Dinshaw Vacha Rd, near KC College, Churchgate, Mumbai, Maharashtra 400020, India",18.930039,72.8260601,4216.5,23425,? 450.00,"? 1,05,41,250.00",Premium,
Colaba,The Courtyard,4.4,1130,"400005, Nofra, Navy Nagar, Colaba, Mumbai, Maharashtra 400005, India",18.9023391,72.8080085,4972,28250,? 450.00,"? 1,27,12,500.00",Popular,
Churchgate,Mockingbird Cafe Bar,4.4,7038,"80, Veer Nariman Rd, Churchgate, Mumbai, Maharashtra 400020, India",18.9335015,72.826275,30967.2,175950,? 450.00,"? 7,91,77,500.00",Popular,
Churchgate,Bake House Cafe,4.4,3447,"WRHJ+6XF, Chamber of Commerce Ln, Kala Ghoda, Fort, Mumbai, Maharashtra 400001, India",18.928067,72.832416,15166.8,86175,? 450.00,"? 3,87,78,750.00",Popular,
Churchgate,Starbucks,4.5,937,"Block No 1, Ram Mahal, Building No 8, Ground Floor, Dinshaw Vacha Rd, near KC College, Churchgate, Mumbai, Maharashtra 400020, India",18.930039,72.8260601,4216.5,23425,? 450.00,"? 1,05,41,250.00",Premium,
Churchgate,Chaayos Cafe at Churchgate,4,921,"Express Building, Shop No. 1, Ground Floor, Part B, 14, IMC Marg, opposite Govt. Law College, Mumbai, Maharashtra 400020, India",18.9337105,72.8270863,3684,23025,? 350.00,"? 80,58,750.00",Popular,
Churchgate,Cafe Oval,4.1,306,"Kambatta Building, Maharshi Karve Rd, Churchgate, Mumbai, Maharashtra 400020, India",18.9318071,72.82806,1254.6,7650,? 350.00,"? 26,77,500.00",Popular,
Churchgate,Coffee By Di Bella Churchgate,4.5,27,"Jamshedji Tata Road, near Eros cenima, Churchgate, Mumbai, Maharashtra 400020, India",18.9312639,72.8269859,121.5,675,? 450.00,"? 3,03,750.00",Premium,
Churchgate,Banyan Tree Cafe,4.3,1395,"7, 9, Calicut Rd, Ballard Estate, Fort, Mumbai, Maharashtra 400001, India",18.935253,72.8383786,5998.5,34875,? 350.00,"? 1,22,06,250.00",Popular,
Churchgate,Cafe Bharat,3.8,1431,"Cafe Bharat, Railway Station, IMC Marg, opp. Churchgate, Churchgate, Mumbai, Maharashtra 400020, India",18.9334913,72.8270287,5437.8,35775,? 350.00,"? 1,25,21,250.00",Average,
Churchgate,Zen Cafe,4.3,1136,"Fort Foundation Building, Bake House Ln, Kala Ghoda, Fort, Mumbai, Maharashtra 400001, India",18.9276626,72.832998,4884.8,28400,? 350.00,"? 99,40,000.00",Popular,
Churchgate,Cafe Markiv's,4.1,501,"Ground Floor, Industrial Assurance Building, Jamshedji Tata Road, opposite Eros Cinema, Churchgate, Mumbai, Maharashtra 400020, India",18.9324944,72.82756,2054.1,12525,? 350.00,"? 43,83,750.00",Popular,
Churchgate,Kala Ghoda Cafe,4.3,4955,"10, Rope Walk Ln, Kala Ghoda, Fort, Mumbai, Maharashtra 400001, India",18.9284954,72.8322067,21306.5,123875,? 350.00,"? 4,33,56,250.00",Popular,
Churchgate,Cococart & CocoCafe - Jiji House,4.4,997,"Jiji House, Raveline Street Damodar Sukhadwala Marg, 17, D Sukhadwala Rd, Azad Maidan, Fort, Mumbai, Maharashtra 400001, India",18.937879,72.8328866,4386.8,24925,? 450.00,"? 1,12,16,250.00",Popular,
Churchgate,Caf?? Coffee Day,4.1,2742,"Ground Floor, Sea Green, Marine Drive, Churchgate, Mumbai, Maharashtra 400020, India",18.9327005,72.8235982,11242.2,68550,? 350.00,"? 2,39,92,500.00",Popular,
Churchgate,The J,4.2,4235,"Shop 3, Ground Floor, Vaswani Mansion, Dinshaw Vacha Rd, opp. HR College, Churchgate, Mumbai, Maharashtra 400020, India",18.930182,72.8267598,17787,105875,? 350.00,"? 3,70,56,250.00",Popular,
Churchgate,Cafe Excelsior,4.1,1439,"Kitab Mahal, 23, AK Nayak Marg, opp. Excelsior Cinema, Azad Maidan, Fort, Mumbai, Maharashtra 400001, India",18.9375723,72.8336571,5899.9,35975,? 350.00,"? 1,25,91,250.00",Popular,
Churchgate,The Beer Caf??,3.9,1897,"Shop No 6,7, Ground Floor, Cambata Building, Churchgate, Mumbai, Maharashtra 400020, India",18.932121,72.8281442,7398.3,47425,? 350.00,"? 1,65,98,750.00",Average,
Churchgate,Starbucks,4.4,2996,"Unit No 240/242, Gr Flr, Nirmal Building Barrister Rajni Patel Marg, Road, near Backbay Reclamation, Nariman Point, Mumbai, Maharashtra 400021, India",18.927624,72.822003,13182.4,74900,? 450.00,"? 3,37,05,000.00",Popular,
Churchgate,Starbucks,4.6,2399,"Ground Floor, Elphistone Building, 10-Veer Nariman Road, Horniman Circle, Fort, Mumbai, Maharashtra 400023, India",18.9322243,72.8342402,11035.4,59975,? 450.00,"? 2,69,88,750.00",Premium,
Churchgate,Earth Cafe @ Churchgate,4.3,29,"Ground Floor, Ram Mahal, Dinshaw Vacha Rd, near KC College, Churchgate, Mumbai, Maharashtra 400020, India",18.9299346,72.826207,124.7,725,? 350.00,"? 2,53,750.00",Popular,
Churchgate,145 Kala Ghoda,4.4,4278,"Temple Bar Building, 145, Mahatma Gandhi Road, Kala Ghoda, Fort, Mumbai, Maharashtra 400001, India",18.9282771,72.831861,18823.2,106950,? 450.00,"? 4,81,27,500.00",Popular,
Churchgate,Bombay Coffee House Fort,4.4,478,"3, SS Ram Gulam Marg, Ballard Estate, Fort, Mumbai, Maharashtra 400001, India",18.9359545,72.8406353,2103.2,11950,? 450.00,"? 53,77,500.00",Popular,
Churchgate,Sassanian,4,2692,"Metro, 98, Marine View, 1st Marine St, Cross Road, Dhobi Talao, Mumbai, Maharashtra 400002, India",18.9427208,72.826841,10768,67300,? 350.00,"? 2,35,55,000.00",Popular,
Churchgate,Bay view Cafe,4.2,3443,"25, PJ Ramchandani Marg, Apollo Bandar, Colaba, Mumbai, Maharashtra 400001, India",18.9188514,72.8319915,14460.6,86075,? 350.00,"? 3,01,26,250.00",Popular,
Churchgate,Cafe Military,4.1,3015,"Alli Chambers, Nagindas Master Rd, Fort, Mumbai, Maharashtra 400001, India",18.9307767,72.832024,12361.5,75375,? 350.00,"? 2,63,81,250.00",Popular,
Churchgate,210 Degree Churchgate,4.2,94,"Prem Court, Bldg, Jamshedji Tata Road, Churchgate, Mumbai, Maharashtra 400020, India",18.930411,72.826266,394.8,2350,? 350.00,"? 8,22,500.00",Popular,
Churchgate,Gaylord Restaurant,4.2,7287,"Mayfair Building, V N Rd, Churchgate, Mumbai, Maharashtra 400020, India",18.932879,72.8261013,30605.4,182175,? 350.00,"? 6,37,61,250.00",Popular,
Churchgate,Cafe Universal RESTAURANT &BAR,4.3,2111,"299, Shahid Bhagat Singh Rd, opp. Geo Chem Laboratories, Ballard Estate, Fort, Mumbai, Maharashtra 400001, India",18.9361382,72.8376123,9077.3,52775,? 350.00,"? 1,84,71,250.00",Popular,
Churchgate,Leopold Cafe,4.2,29972,"Police Station, Shahid Bhagat Singh Road, Colaba Causeway, near Colaba, Mumbai, Maharashtra 400001, India",18.9226402,72.8316401,125882.4,749300,? 350.00,"? 26,22,55,000.00",Popular,
Churchgate,Flavors Cafe at The Ambassador,4,141,"Located in- The Ambassador Hotel, Veer Nariman Rd, Churchgate, Mumbai, Maharashtra 400020, India",18.9338036,72.82487,564,3525,? 350.00,"? 12,33,750.00",Popular,
Churchgate,"Verandah, Mumbai",4.6,466,"Verandah lounge ,Lobby Level, Trident Nariman Point, Near Air India, Building,, Mumbai, Maharashtra 400005, India",18.9276746,72.820946,2143.6,11650,? 450.00,"? 52,42,500.00",Premium,
Churchgate,Cafe Churchill,4.3,2868,"East West Court Building, Colaba Causeway, Apollo Bandar, Colaba, Mumbai, Maharashtra 400001, India",18.9199081,72.8302691,12332.4,71700,? 350.00,"? 2,50,95,000.00",Popular,
Churchgate,Geoffrey's,4.3,660,"No. 29, Hotel Marine Plaza, Opposite C. C. I Club, Marine Drive, Marine Lines, Mumbai, Maharashtra 400020, India",18.9312024,72.8231262,2838,16500,? 350.00,"? 57,75,000.00",Popular,
Churchgate,Beat House Cafe,4.1,163,"CAFE, SAPNA, BEAT HOUSE, MARINEMarine Ln, next to HOTEL, opp. GOL MASJID, Pathak Wadi, Sonapur, Marine Lines, Mumbai, Maharashtra 400002, India",18.9430169,72.8276477,668.3,4075,? 350.00,"? 14,26,250.00",Popular,
Churchgate,L&S Bistro & Pizzeria,4.2,698,"Intercontinental 135 Marine Drive, Netaji Subhash Chandra Bose Rd, Churchgate, Mumbai, Maharashtra 400020, India",18.9350323,72.824201,2931.6,17450,? 350.00,"? 61,07,500.00",Popular,
Churchgate,Caf?? New York,4.2,3225,"44, Dabholkar Building, N S Patkar Marg, Mumbai, Maharashtra 400007, India",18.9579482,72.8109554,13545,80625,? 350.00,"? 2,82,18,750.00",Popular,
Churchgate,Quattro Bistro Churchgate,4.3,46,"3, Jamshedji Tata Road, behind Eros cinema, opposite Satyam Collection, Churchgate, Mumbai, Maharashtra 400020, India",18.9314855,72.8270086,197.8,1150,? 350.00,"? 4,02,500.00",Popular,
Churchgate,Cafe Marina,3.9,1747,"Sea Palace Hotel Mumbai, 26, PJ Ramchandani Marg, Apollo Bandar, Colaba, Mumbai, Maharashtra 400001, India",18.9190833,72.8319694,6813.3,43675,? 350.00,"? 1,52,86,250.00",Average,
Churchgate,Mish Cafe,4.8,279,"shop no 9, Hinduja College, Mehta bhavan, lane, Raja Ram Mohan Roy Rd, Mumbai, Maharashtra 400004, India",18.953211,72.8179833,1339.2,6975,? 550.00,"? 38,36,250.00",Premium,
Churchgate,The Nutcracker,4.4,3004,"Dr, Forbes St, Kala Ghoda, Fort, Mumbai, Maharashtra 400023, India",18.9283715,72.8337416,13217.6,75100,? 450.00,"? 3,37,95,000.00",Popular,
Churchgate,K. Rustoms & co. Ice Cream Parlour,4.4,13597,"Brabourne Stadium, 86, Veer Nariman Rd, Churchgate, Mumbai, Maharashtra 400020, India",18.9331391,72.8248995,59826.8,339925,? 450.00,"? 15,29,66,250.00",Popular,
Churchgate,Cafe Mondegar,4.4,4578,"Metro House, Colaba Causeway, near Regal Cinema, Apollo Bandar, Colaba, Mumbai, Maharashtra 400001, India",18.9240503,72.8321547,20143.2,114450,? 450.00,"? 5,15,02,500.00",Popular,
Churchgate,Mani's Cafe,4.4,1105,"Stall, Vidhan Bhavan Marg, opposite Air India Building, Nariman Point, Mumbai, Maharashtra 400021, India",18.9286959,72.8227456,4862,27625,? 450.00,"? 1,24,31,250.00",Popular,
Churchgate,Cafe Free India,4.2,144,"24 A, Ramdev Hotel, Bansi Lal Building, Cafe free india, C/O, Mumbai Samachar Marg, Fort, Mumbai, Maharashtra 400023, India",18.9310602,72.8339888,604.8,3600,? 350.00,"? 12,60,000.00",Popular,
Churchgate,SBI Cafestoria,4.8,101,"State Bank Bhavan, Madame Cama Rd, Nariman Point, Mumbai, Maharashtra 400021, India",18.9261817,72.825935,484.8,2525,? 550.00,"? 13,88,750.00",Premium,
Churchgate,Cafe Unwind,4,138,"WRVH+5H9, New Marine Lines, Marine Lines, Mumbai, Maharashtra 400020, India",18.9429098,72.828975,552,3450,? 350.00,"? 12,07,500.00",Popular,
Churchgate,The Cravin' Pantry,4.9,478,"Ground floor, Bansi Lal Building, 15-A, Homi Modi St, opposite Bombay House, Kala Ghoda, Fort, Mumbai, Maharashtra 400001, India",18.9312198,72.8334089,2342.2,11950,? 550.00,"? 65,72,500.00",Premium,
Churchgate,Relish International Veg Cuisine,4.4,5385,"1, Dinshaw Vacha Rd, Churchgate, Mumbai, Maharashtra 400020, India",18.9303663,72.8263981,23694,134625,? 450.00,"? 6,05,81,250.00",Popular,
Churchgate,Malido Cafe,4.6,420,"15-17-19, Burjorji, Bharucha Marg, Kala Ghoda, Fort, Mumbai, Maharashtra 400001, India",18.9286554,72.8321398,1932,10500,? 450.00,"? 47,25,000.00",Premium,
Churchgate,Blue Tokai Coffee Roasters | Nariman Point,4.3,330,"Unit No 25 & 26, Ground Floor, Commercial Center, CR2, Nariman Point, Mumbai, Maharashtra 400020, India",18.9264521,72.8226769,1419,8250,? 350.00,"? 28,87,500.00",Popular,
Churchgate,Poetry by Love and Cheesecake,4.3,1469,"Ground Floor, Machinery House, 3, Bharucha Marg, beside Gazal Gupta, Kala Ghoda, Fort, Mumbai, Maharashtra 400001, India",18.9286848,72.8322679,6316.7,36725,? 350.00,"? 1,28,53,750.00",Popular,
Churchgate,Flavourzy by Harsh Taylor,4.6,619,"Shop no-4, Ishwar Bhawan, 89, Khadilkar Rd, next to rimzim soda, Charni Road, Urankawadi, Kandewadi, Girgaon, Mumbai, Maharashtra 400004, India",18.9548066,72.823355,2847.4,15475,? 450.00,"? 69,63,750.00",Premium,
Churchgate,Third Wave Coffee,4.6,443,"Plot No 29, Dr N A Purandare Marg Chowpatty Marine Lines, Girgaon, Mumbai, Maharashtra 400007, India",18.9554202,72.8136797,2037.8,11075,? 450.00,"? 49,83,750.00",Premium,
Churchgate,Cafe metro Family Restaurant,4,1586,"Jehangir Mansion, 5/A, Anandilal Podar Marg, beside Metro Cinema, New Marine Lines, Marine Lines, Mumbai, Maharashtra 400020, India",18.9428694,72.8284227,6344,39650,? 350.00,"? 1,38,77,500.00",Popular,
Churchgate,Rajasthan Tam Tam Tea Point,4.4,16,"Ground Floor, Baba Stall, opp. Hotel Balwas, New Marine Lines, Churchgate, Mumbai, Maharashtra 400020, India",18.9394988,72.8281737,70.4,400,? 450.00,"? 1,80,000.00",Popular,
Churchgate,Third Wave Coffee,4.8,1251,"Ground Floor, Star Mansion, Plot No 66, Wodehouse Rd, Cuffe Parade, Mumbai, Maharashtra 400005, India",18.9149945,72.8236451,6004.8,31275,? 550.00,"? 1,72,01,250.00",Premium,
Churchgate,Tea Post,4.4,134,"34, Kakad House, opp. Bombay Hospital, New Marine Lines, Marine Lines, Mumbai, Maharashtra 400020, India",18.9414567,72.8278625,589.6,3350,? 450.00,"? 15,07,500.00",Popular,
Churchgate,Pizza By The Bay,4.2,25681,"Soona Mahal, 143, Marine Dr, Churchgate, Mumbai, Maharashtra 400020, India",18.9333915,72.8238821,107860.2,642025,? 350.00,"? 22,47,08,750.00",Popular,
Churchgate,Subko Mini At Kitab Khana,4.4,255,"45, Ground Floor, Flora Fountain Somaiya Bhavan, 47, Mahatma Gandhi Road, Fort, Mumbai, Maharashtra 400001, India",18.9320316,72.8319015,1122,6375,? 450.00,"? 28,68,750.00",Popular,
Churchgate,Cafe Ideal,4.1,2934,"Fulchand Niwas, Dr. Purandare Marg, Chowpatty Seaface, Girgaon, Mumbai, Maharashtra 400007, India",18.955721,72.8130203,12029.4,73350,? 350.00,"? 2,56,72,500.00",Popular,
Churchgate,Colaba SOCIAL,4.2,9490,"B K Boman Behram Marg Shop 24, Ground Floor, Apollo Bandar, Colaba, Mumbai, Maharashtra 400001, India",18.9216619,72.8322984,39858,237250,? 350.00,"? 8,30,37,500.00",Popular,
Dadar,"Grandmama's Cafe, Dadar East",4.1,8457,"Dharamputra Pritam Estate, 20 & 21, Dr Babasaheb Ambedkar Marg, Dadar East, Dadar, Mumbai, Maharashtra 400014, India",19.0168049,72.8461869,34673.7,211425,? 350.00,"? 7,39,98,750.00",Popular,
Dadar,Mumbai Bistro - The Cafe,4,1561,"Building by, SUGEE SADAN by SUGEE GROUP, Shop No.3, Sugi Sadan, Gokhale Rd, Dadar West, Dadar, Mumbai, Maharashtra 400028, India",19.0163208,72.83522,6244,39025,? 350.00,"? 1,36,58,750.00",Popular,
Dadar,Cafe Trofima,4.2,1898,"Raja Badhe Chowk Opp. Raja Rani Travels Shivaji Park Road Number 2, Lady Jamshedji Rd, Mumbai, Maharashtra 400016, India",19.0281881,72.841099,7971.6,47450,? 350.00,"? 1,66,07,500.00",Popular,
Dadar,Brew Haus Cafe,4.6,375,"Bhavani Shankar Cross Road, opposite JaiGopal Industries, Near Kabutar khana, Dadar West, Dadar, Mumbai, Maharashtra 400028, India",19.0156827,72.8379049,1725,9375,? 450.00,"? 42,18,750.00",Premium,
Dadar,Caf?? 792,4.2,846,"792, Outhouse, Dina Manzil, Jame Jamshed Rd, Central Railway Colony, Mahavir Nagar, Parsee Colony, Dadar, Mumbai, Maharashtra 400014, India",19.0174663,72.8487093,3553.2,21150,? 350.00,"? 74,02,500.00",Popular,
Dadar,Fully Loaded,4,117,"Shop No.5, Lumiere Apartment, Purandhare Wadi, Gokhale Rd N, Dadar West, Mumbai, Maharashtra 400028, India",19.0212259,72.836907,468,2925,? 350.00,"? 10,23,750.00",Popular,
Dadar,RahulÉ??s Cafe,4.7,175,"26, SS Wagh Marg, Radhika Saikripa Co-op Society, Naigaon, Dadar, Mumbai, Maharashtra 400014, India",19.0118069,72.8456133,822.5,4375,? 550.00,"? 24,06,250.00",Premium,
Dadar,Chaos Control Cafe,4.3,2687,"Gr. Floor, Crystal Towers St. Xavier's Street, Parel, Mumbai, Maharashtra 400012, India",19.0062624,72.8407918,11554.1,67175,? 350.00,"? 2,35,11,250.00",Popular,
Dadar,Cafe Colony Stores & Restaurant,4,1104,"Shrikant Lodge, Tilak Rd, near Tilak Bridge, Dadar TT, Dadar East, Dadar, Mumbai, Maharashtra 400014, India",19.0186867,72.846831,4416,27600,? 350.00,"? 96,60,000.00",Popular,
Dadar,Reap-Eat Cafe,4.8,325,"Tilak Bhavan, Parel Railway Station, Shop no. 2, Bhori Chawl, Senapati Bapat Marg, West, opposite One International Center, Parel, Mumbai, Maharashtra 400028, India",19.0113906,72.8352692,1560,8125,? 550.00,"? 44,68,750.00",Premium,
Dadar,Mutuswami Cafe,3.9,2130,"Ground Floor, Ramee Guestline Hotel, opp. Swaminarayan Temple, Dadar East, Dadar, Mumbai, Maharashtra 400014, India",19.0171403,72.8446575,8307,53250,? 350.00,"? 1,86,37,500.00",Average,
Dadar,Nude Food Cafe,4.5,774,"364, Dhuru Apartment, Swatantryaveer Savarkar Rd, Dadar West, Prabhadevi, Mumbai, Maharashtra 400028, India",19.0195391,72.8318982,3483,19350,? 450.00,"? 87,07,500.00",Premium,
Dadar,Cheezy Freezy,4.5,92,"Chaityabhoomi Shop no 05, Park Apartment, Dadar West, Shivaji Park, Mumbai, Maharashtra 400028, India",19.0254758,72.835517,414,2300,? 450.00,"? 10,35,000.00",Premium,
Dadar,Cafe Delicia Legacy,4.5,23,"Shop B-9, Shivaji Park House, Lady Jamshedji Rd, Dadar West, Dadar, Mumbai, Maharashtra 400016, India",19.0255689,72.8409788,103.5,575,? 450.00,"? 2,58,750.00",Premium,
Dadar,The Urban Platter Cafe in Dadar West Mumbai,4.8,17,"Shop no 2, 1st Floor, CHS, SUGEE SADAN, Baburao Parulekar Marg, off Gokhale Road South, Dadar West, Dadar, Mumbai, Maharashtra 400028, India",19.0164915,72.8353928,81.6,425,? 550.00,"? 2,33,750.00",Premium,
Dadar,Cafe Madras??ã?è,4.4,24600,"GROUND FLOOR, KAMAKSHI BUILDING, 391/B, Bhaudaji Rd, Matunga East, Mumbai, Maharashtra 400019, India",19.0276203,72.8550415,108240,615000,? 450.00,"? 27,67,50,000.00",Popular,
Dadar,Prajakta Cafe,4.1,583,"Shop No 2, Om Nanda Deep CHS, Prajakta Cafe, Mahim West, Shivaji Park, Mumbai, Maharashtra 400016, India",19.0294714,72.8400664,2390.3,14575,? 350.00,"? 51,01,250.00",Popular,
Dadar,Caf?? Coffee Day,3.9,1392,"Ground Floor, Dwarka Sadan, Keluskar Rd, Dadar West, Shivaji Park, Mumbai, Maharashtra 400028, India",19.0290097,72.8384792,5428.8,34800,? 350.00,"? 1,21,80,000.00",Average,
Dadar,Third Wave Coffee,4.7,1415,"Unit no.58, Ground, Ram Mahal, Tip Road, Senapati Bapat Marg, Station, Mahim, Mumbai, Maharashtra 400016, India",19.0408896,72.8462018,6650.5,35375,? 550.00,"? 1,94,56,250.00",Premium,
Dadar,Cafe Anna,4.5,31,"Shop no.7, Makwana Building, 4, Kakasaheb Gadgil Marg, opp. Essgee Options, Elphistone, Dadar, Mumbai, Maharashtra 400028, India",19.0163711,72.8304134,139.5,775,? 450.00,"? 3,48,750.00",Premium,
Dadar,Cafe Irani Chaii,4.4,5790,"Rosary Building, Mia Mohd Chhotani Rd, Geeta Nagar, Mahim West, Mahim, Mumbai, Maharashtra 400016, India",19.0390084,72.8426801,25476,144750,? 450.00,"? 6,51,37,500.00",Popular,
Dadar,Milkbar,4.8,55,"10/744 Kohinoor Mill Compound, S S Wagh Marg Road, Naigaon Rd, near Sharda Cinema, Dadar East, Mumbai, Maharashtra 400014, India",19.011508,72.8467185,264,1375,? 550.00,"? 7,56,250.00",Premium,
Dadar,Coffee By Di Bella Mahim,4.2,4162,"West Wind Apartment, West Wind Building, Cadell Road, Mahim West, Kataria Colony, Shivaji Park, Swatantryaveer Savarkar Rd, above Cafe Di Bella, near Hinduja Hospitals, Dadar, Mumbai, Maharashtra 400016, India",19.0315287,72.8388039,17480.4,104050,? 350.00,"? 3,64,17,500.00",Popular,
Dadar,Cafe Marine,4.7,38,"2RGM+HWF, Dadar West, Shivaji Park, Mumbai, Maharashtra 400028, India",19.0264315,72.8347984,178.6,950,? 550.00,"? 5,22,500.00",Premium,
Dadar,Barista,4.1,1093,"Jilkar House, 15 A, Keluskar Rd N, next to Bank Of Baroda, Dadar West, Shivaji Park, Mumbai, Maharashtra 400028, India",19.0293373,72.8380664,4481.3,27325,? 350.00,"? 95,63,750.00",Popular,
Dadar,Hungry Owl,4.3,251,"Raghukul, 1st Floor, Bhavani Shankar Rd, opp. KingÉ??s Crest, Dadar West, Mumbai, Maharashtra 400028, India",19.0182802,72.8393405,1079.3,6275,? 350.00,"? 21,96,250.00",Popular,
Dadar,Pranav's corner,4.6,475,"2R9P+MRW, SK Bole Rd, opp. Nabar Guruji School, Omkar Society, Dadar West, Dadar, Mumbai, Maharashtra 400028, India",19.0192101,72.8371064,2185,11875,? 450.00,"? 53,43,750.00",Premium,
Dadar,Cafe Panama,4.4,611,"Lower Parel Compound, SJ Marg, Lower Parel, Mumbai, Maharashtra 400013, India",19.00022,72.830249,2688.4,15275,? 450.00,"? 68,73,750.00",Popular,
Dadar,"My Regular Place, Dadar",4.1,3936,"Dharamputra Pritam Estate, Dr Babasaheb Ambedkar Marg, Lokmanya Tilak Colony, Dadar, Mumbai, Maharashtra 400014, India",19.0169509,72.8459262,16137.6,98400,? 350.00,"? 3,44,40,000.00",Popular,
Dadar,Dadar Social,4,1011,"Shop 2, Kohinoor Square, East Tower, N C. Kelkar Rd, Ram Ganesh Gadkari Chowk, Dadar West, Mumbai, Maharashtra 400028, India",19.0247929,72.8419709,4044,25275,? 350.00,"? 88,46,250.00",Popular,
Dadar,Blue Tokai Coffee Roasters | Kohinoor Square Dadar,3.9,30,"Kohinoor Square, 4602, N C. Kelkar Marg, Dadar West, Dadar, Mumbai, Maharashtra 400028, India",19.0246695,72.8420142,117,750,? 350.00,"? 2,62,500.00",Average,
Dadar,Cafe Free India,4.2,1675,"Ground Floor, 39/41, NM Joshi Marg, opposite Deepak Cinema, Lower Parel West, Parel, Mumbai, Maharashtra 400013, India",19.0056126,72.8310346,7035,41875,? 350.00,"? 1,46,56,250.00",Popular,
Dadar,Light of Bharat Restaurant,3.9,3574,"Meher Building, Ranade Rd, opp. Senapati Bapat Statue, Dadar West, Shivaji Park, Mumbai, Maharashtra 400028, India",19.024196,72.837619,13938.6,89350,? 350.00,"? 3,12,72,500.00",Average,
Dadar,Desire Instant Chai Maza Aajaye!,4.7,25,"2R9P+QF5, Gokhale Rd N, Near Kabutar khana, Dadar West, Dadar, Mumbai, Maharashtra 400028, India",19.0193766,72.836246,117.5,625,? 550.00,"? 3,43,750.00",Premium,
Dadar,Cafe 19,4.4,154,"2VG4+XRG, Nathalal Parekh Marg, Matunga East, Mumbai, Maharashtra 400019, India",19.0274327,72.8570909,677.6,3850,? 450.00,"? 17,32,500.00",Popular,
Dadar,Zane's Cafe,4.4,258,"RR House, Todi Mill Compound, Senapati Bapat Marg, opposite Ideal Industrial Estate, Railway Colony, Lower Parel, Mumbai, Maharashtra 400013, India",19.0012553,72.8293676,1135.2,6450,? 450.00,"? 29,02,500.00",Popular,
Dadar,Shirke'S,4.6,62,"Dadar, Mumbai, Maharashtra 400019, India",19.0230621,72.8490805,285.2,1550,? 450.00,"? 6,97,500.00",Premium,
Dadar,SAZ Caf??,4.4,176,"NRK House, 1, Senapati Bapat Marg, next to Kamala Mills gate, Lower Parel, Mumbai, Maharashtra 400013, India",19.0019192,72.8293025,774.4,4400,? 450.00,"? 19,80,000.00",Popular,
Dadar,HOME CHEF,4.1,2470,"Meher Premises, Shivaji Park, Dadar West, Dadar, Mumbai, Maharashtra 400028, India",19.0241069,72.837661,10127,61750,? 350.00,"? 2,16,12,500.00",Popular,
Dadar,Terttulia,4.4,3727,"Ground Floor, The Kin Hotel, Shivaji Park, Sea Face, off Old Cadel Road, Dadar West, Mumbai, Maharashtra 400028, India",19.0256738,72.8352253,16398.8,93175,? 450.00,"? 4,19,28,750.00",Popular,
Dadar,Starbucks,4.3,2352,"UGF, Century Bhavan, Sadanand Hasu Tandel Marg, Century Bazaar, Worli, Mumbai, Maharashtra 400030, India",19.012696,72.823789,10113.6,58800,? 350.00,"? 2,05,80,000.00",Popular,
Dadar,Cafe Reed Mumbai,4.6,287,"8th Floor, Tower 2A, One World Center, Lower Parel, Mumbai, Maharashtra 400013, India",19.0067083,72.8327255,1320.2,7175,? 450.00,"? 32,28,750.00",Premium,
Dadar,Mani's cafe,4.2,505,"Shop 7, Plot 120, Ground Floor, Shaakuntala, Dadar West, Shivaji Park, Mumbai, Maharashtra 400028, India",19.0254013,72.8396405,2121,12625,? 350.00,"? 44,18,750.00",Popular,
Dadar,Starbucks,4.4,724,"Shop No 2, Ground Floor, Mon Desir, Old Cadel Rd, Dadar West, Shivaji Park, Mumbai, Maharashtra 400028, India",19.0251386,72.8359236,3185.6,18100,? 450.00,"? 81,45,000.00",Popular,
Dadar,Krishna's Cafe,4.2,188,"near Hindmata 1,2,3,7,FLOOR-GRD,221 GOHAR TAJ BUILDING, DR BABASAHEB AMBEDKAR ROAD, NAIGAON, Dadar East, Mumbai, Maharashtra 400014, India",19.0101258,72.8427151,789.6,4700,? 350.00,"? 16,45,000.00",Popular,
Dadar,Amba Bhavan Coffee Club,4.3,1817,"King's Circle Flyover, 373, Bhandarkar Rd, Matunga East, Mumbai, Maharashtra 400019, India",19.0272942,72.8546203,7813.1,45425,? 350.00,"? 1,58,98,750.00",Popular,
Dadar,Cafe Bae,4.5,257,"Monorail Station, Shop No 14 Shivaji Nagar N M Joshi Marg, Delisle Rd, below Lower Parel, Lower Parel East, Mumbai, Maharashtra 400013, India",18.9925303,72.8313058,1156.5,6425,? 450.00,"? 28,91,250.00",Premium,
Dadar,The Dessert Republic?? - Matunga,4.3,675,"Maheshwari Udhyaan, Kalyan Bhuvan, Dr Babasaheb Ambedkar Marg, near Oasiss, Matunga East, Mumbai, Maharashtra 400019, India",19.0265186,72.8561845,2902.5,16875,? 350.00,"? 59,06,250.00",Popular,
Dadar,Momos Cafe,4.9,12,"Shop No 1, Dadar West, Dadar, Mumbai, Maharashtra 400025, India",19.0148354,72.8321084,58.8,300,? 550.00,"? 1,65,000.00",Premium,
Dadar,Cafe Cadell,4.7,215,"Shop no 8, Bhagirathi Sadan, Swatantryaveer Savarkar Rd, near Yes Bank, Kataria Colony, Mahim, Mumbai, Maharashtra 400016, India",19.0304281,72.8386236,1010.5,5375,? 550.00,"? 29,56,250.00",Premium,
Dadar,Shanti Coffee House,3.9,511,"Dr. Ambedkar Road, Opposite Chitra Cinema, Shop No. 5,6&7, Dadar East, Mumbai, Maharashtra 400014, India",19.0116129,72.8437295,1992.9,12775,? 350.00,"? 44,71,250.00",Average,
Dadar,Koolar & Co,3.5,3943,"541, Dr Babasaheb Ambedkar Marg, Matunga East, Mumbai, Maharashtra 400019, India",19.0260734,72.8549846,13800.5,98575,? 350.00,"? 3,45,01,250.00",Average,
Dadar,Cafenately Coffee - Matunga,4.8,145,"Chandavarkar Rd, opp. Trilok Family Restaurant & Bar, Matunga (C.R.), Matunga East, Mumbai, Maharashtra 400019, India",19.0276757,72.851663,696,3625,? 550.00,"? 19,93,750.00",Premium,
Dadar,Costa Coffee,3.9,90,"W, Shop No 6, Ground Floor, 377 Amarkunj society Veer Savarkar Marg, Shivaji Park, Old Cadel Rd, Dadar, Mumbai, Maharashtra 400028, India",19.0258437,72.8357852,351,2250,? 350.00,"? 7,87,500.00",Average,
Dadar,Oven Fresh Restaurant Dadar,4.3,7730,"Kiran Building, 4/68, Ranade Rd, Chandrakant Dhuru Wadi, Dadar, Mumbai, Maharashtra 400028, India",19.0239578,72.8379967,33239,193250,? 350.00,"? 6,76,37,500.00",Popular,
Dadar,Cafe Mysore,4.2,5086,"Durlabh Niwas, 1/461, Dr Babasaheb Ambedkar Marg, Opp B.N. Maheshwari Udyan, Matunga East, Mumbai, Maharashtra 400019, India",19.0276064,72.8555044,21361.2,127150,? 350.00,"? 4,45,02,500.00",Popular,
Dadar,CAFE V J T I,4.1,810,"Pushpraj Building, 191, David S Barretto Rd, Wadala West, Mumbai, Maharashtra 400031, India",19.018442,72.8566669,3321,20250,? 350.00,"? 70,87,500.00",Popular,
Dadar,Starbucks,4.4,789,"First Floor Lobby Indiabulls Finance Centre Center Point Building, Parel, Mumbai, Maharashtra 400013, India",19.0102795,72.8351533,3471.6,19725,? 450.00,"? 88,76,250.00",Popular,
Dadar,Edhas Cafe,4.9,18,"F&B, 2nd floor, Kohinoor Square, Unit no 2, N C. Kelkar Marg, Dadar West, Mumbai, Maharashtra 400028, India",19.0249871,72.8415123,88.2,450,? 550.00,"? 2,47,500.00",Premium,
Dadar,Cafe Curious,4.2,64,"Noble Plus Pharmacy, Shop 4, Vaibhav Mahim Building, Swatantryaveer Savarkar Rd, Opposite, Mahim West, Mumbai, Maharashtra 400016, India",19.0312231,72.8384687,268.8,1600,? 350.00,"? 5,60,000.00",Popular,
Worli,Light House Cafe & Bar,3.9,3213,"Sunville Building, Dr.Annie Besant Road, Love Grove Flyover, Siddharth Nagar, Worli, Mumbai, Maharashtra 400018, India",18.9942956,72.8149495,12530.7,80325,? 350.00,"? 2,81,13,750.00",Average,
Worli,Cafe Noir,4.2,206,"World Crest, Unit no.1A & 1B, Lodha, Upper Worli, Lower Parel, Mumbai, Maharashtra 400013, India",19.0023096,72.8274941,865.2,5150,? 350.00,"? 18,02,500.00",Popular,
Worli,Stand By Coffee,4.1,142,"Shop No. 3, Kakad Estate, 4 & 5, Dr RG Thadani Marg, opposite Baskin Robbins, B Wing, Siddharth Nagar, Worli, Mumbai, Maharashtra 400018, India",19.0014295,72.8149327,582.2,3550,? 350.00,"? 12,42,500.00",Popular,
Worli,Toise Coffee Roastery + Brewstudio,4.9,109,"Shop No.1, Madhuhans, Dr Annie Besant Rd, Adarsh Nagar, Worli, Mumbai, Maharashtra 400030, India",19.0125793,72.8219574,534.1,2725,? 550.00,"? 14,98,750.00",Premium,
Worli,Cafe Free India,4.2,1675,"Ground Floor, 39/41, NM Joshi Marg, opposite Deepak Cinema, Lower Parel West, Parel, Mumbai, Maharashtra 400013, India",19.0056126,72.8310346,7035,41875,? 350.00,"? 1,46,56,250.00",Popular,
Worli,Iteeha Coffee,4.6,385,"Ground Floor, Urmi Axis Building, West, behind Famous studio, opp. Doctor Elijah Moses Road, Mahalakshmi, Mumbai, Maharashtra 400011, India",18.9881865,72.8243296,1771,9625,? 450.00,"? 43,31,250.00",Premium,
Worli,Starbucks,4.3,2352,"UGF, Century Bhavan, Sadanand Hasu Tandel Marg, Century Bazaar, Worli, Mumbai, Maharashtra 400030, India",19.012696,72.823789,10113.6,58800,? 350.00,"? 2,05,80,000.00",Popular,
Worli,Teasy Express,4.9,58,"L-15, Dainik Shivner Marg, Gandhi Nagar, Upper Worli, Worli, Mumbai, Maharashtra 400018, India",18.9954136,72.8227666,284.2,1450,? 550.00,"? 7,97,500.00",Premium,
Worli,Chaos Control Cafe,4.3,2687,"Gr. Floor, Crystal Towers St. Xavier's Street, Parel, Mumbai, Maharashtra 400012, India",19.0062624,72.8407918,11554.1,67175,? 350.00,"? 2,35,11,250.00",Popular,
Worli,Cafe Panama,4.4,611,"Lower Parel Compound, SJ Marg, Lower Parel, Mumbai, Maharashtra 400013, India",19.00022,72.830249,2688.4,15275,? 450.00,"? 68,73,750.00",Popular,
Worli,Zane's Cafe,4.4,258,"RR House, Todi Mill Compound, Senapati Bapat Marg, opposite Ideal Industrial Estate, Railway Colony, Lower Parel, Mumbai, Maharashtra 400013, India",19.0012553,72.8293676,1135.2,6450,? 450.00,"? 29,02,500.00",Popular,
Worli,Brunch & Cake Mumbai,4.3,190,"Unit no G - 04, Altimus, Dr, GM Bhosale Marg, opp. worli mahindra towers, B Wing, BDD Chawls Worli, Worli, Mumbai, Maharashtra 400018, India",19.0061202,72.8202995,817,4750,? 350.00,"? 16,62,500.00",Popular,
Worli,Diablo Mumbai,4.3,7569,"Pandurang Budhkar Marg, Worli, Mumbai, Maharashtra 400013, India",19.0061341,72.8274333,32546.7,189225,? 350.00,"? 6,62,28,750.00",Popular,
Worli,Cafe Bae,4.5,257,"Monorail Station, Shop No 14 Shivaji Nagar N M Joshi Marg, Delisle Rd, below Lower Parel, Lower Parel East, Mumbai, Maharashtra 400013, India",18.9925303,72.8313058,1156.5,6425,? 450.00,"? 28,91,250.00",Premium,
Worli,Cafe Reed Mumbai,4.6,287,"8th Floor, Tower 2A, One World Center, Lower Parel, Mumbai, Maharashtra 400013, India",19.0067083,72.8327255,1320.2,7175,? 450.00,"? 32,28,750.00",Premium,
Worli,Slink & Bardot,4.7,6185,"Thadani House 329/A Opposite Indian Coast Guard Worli Village, Mumbai, Maharashtra 400030, India",19.017247,72.817521,29069.5,154625,? 550.00,"? 8,50,43,750.00",Premium,
Worli,145 The Mill,4.4,2782,"Unit 906, Trade World, Kamala Mills Compound, C Wing, Senapati Bapat Marg, Lower Parel, W, Maharashtra 400013, India",19.0029528,72.828035,12240.8,69550,? 450.00,"? 3,12,97,500.00",Popular,
Worli,SAZ Caf??,4.4,176,"NRK House, 1, Senapati Bapat Marg, next to Kamala Mills gate, Lower Parel, Mumbai, Maharashtra 400013, India",19.0019192,72.8293025,774.4,4400,? 450.00,"? 19,80,000.00",Popular,
Worli,Praia Bar & Kitchen,4.4,162,"Atria Rooftop, above Inox, Lotus Colony, Worli, Mumbai, Maharashtra 400018, India",18.9909998,72.8144038,712.8,4050,? 450.00,"? 18,22,500.00",Popular,
Worli,Reap-Eat Cafe,4.8,325,"Tilak Bhavan, Parel Railway Station, Shop no. 2, Bhori Chawl, Senapati Bapat Marg, West, opposite One International Center, Parel, Mumbai, Maharashtra 400028, India",19.0113906,72.8352692,1560,8125,? 550.00,"? 44,68,750.00",Premium,
Worli,Lay Bhari Cafe,4.7,12,"Janata Colony, BPT Colony, Worli, Mumbai, Maharashtra 400030, India",19.0168408,72.8205037,56.4,300,? 550.00,"? 1,65,000.00",Premium,
Worli,Lord of the Drinks Worli,4.4,6031,"Utopia City, 3rd Floor Trade View Building, gate 4, Pandurang Budhkar Marg, Lower Parel, Mumbai, Maharashtra 400013, India",19.0058682,72.8266546,26536.4,150775,? 450.00,"? 6,78,48,750.00",Popular,
Worli,Palladium Social,4.3,5072,"Shop 462, Third Floor, Palladium Mall, Senapati Bapat Marg, Lower Parel, Mumbai, Maharashtra 400013, India",18.9947103,72.8244742,21809.6,126800,? 350.00,"? 4,43,80,000.00",Popular,
Worli,New Modern Cafe And Lunch Home,3.8,589,"Dr. A, B. Road, Adarsh Nagar, Worli, Mumbai, Maharashtra 400030, India",19.01253,72.8222561,2238.2,14725,? 350.00,"? 51,53,750.00",Average,
Worli,Starbucks,4.5,1547,"Ground Fl, Victoria Mills Senapati Bapat Marg, near Smaash, Lower Parel, Mumbai, Maharashtra 400019, India",19.0054544,72.8260742,6961.5,38675,? 450.00,"? 1,74,03,750.00",Premium,
Worli,Dhaba Cafe Lower Parel,4.4,637,"287/7, Mariyam Mansion, Ganpatrao Kadam Marg, Opp. A To Z Industrial Estate, Lower Parel West, Mumbai, Maharashtra 400013, India",18.998223,72.824361,2802.8,15925,? 450.00,"? 71,66,250.00",Popular,
Worli,KIOSK KAFFEE,4.6,120,"14, Ganpatrao Kadam Marg, Upper, Worli, Mumbai, Maharashtra 400013, India",18.9981549,72.8254713,552,3000,? 450.00,"? 13,50,000.00",Premium,
Worli,Brew Haus Cafe,4.6,375,"Bhavani Shankar Cross Road, opposite JaiGopal Industries, Near Kabutar khana, Dadar West, Dadar, Mumbai, Maharashtra 400028, India",19.0156827,72.8379049,1725,9375,? 450.00,"? 42,18,750.00",Premium,
Worli,Caff?? Allora,4.3,290,"Ground Floor, East Zone, Phoenix Palladium, Senapati Bapat Marg, Lower Parel, Mumbai, Maharashtra 400013, India",18.9947512,72.8245941,1247,7250,? 350.00,"? 25,37,500.00",Popular,
Worli,"Bougain Villa, Lower Parel, Mumbai",4.2,414,"71, Ground floor, Dainik Shivner Marg, opposite Lady Ratan Tower, Gandhi Nagar, Upper Worli, Lower Parel, Mumbai, Maharashtra 400018, India",18.9927408,72.8220062,1738.8,10350,? 350.00,"? 36,22,500.00",Popular,
Worli,The Nutcracker,4.4,507,"Palladium, 2nd Floor, 462, Senapati Bapat Marg, Lower Parel, Mumbai, Maharashtra 400013, India",18.9942125,72.8241103,2230.8,12675,? 450.00,"? 57,03,750.00",Popular,
Worli,"Grandmama's Cafe, Dadar East",4.1,8457,"Dharamputra Pritam Estate, 20 & 21, Dr Babasaheb Ambedkar Marg, Dadar East, Dadar, Mumbai, Maharashtra 400014, India",19.0168049,72.8461869,34673.7,211425,? 350.00,"? 7,39,98,750.00",Popular,
Worli,Poetry by Love and Cheesecake,4.4,1081,"Kamala Mills Compound, Trade Tower B, Senapati Bapat Marg, Lower Parel, Mumbai, Maharashtra 400013, India",19.0041689,72.8275589,4756.4,27025,? 450.00,"? 1,21,61,250.00",Popular,
Worli,Farzi Cafe,4.1,3322,"Unit No. C-10B, Ground floor, Courtyard, High Street Phoenix, 462, Senapati Bapat Marg, Lower Parel, Mumbai, Maharashtra 400050, India",18.9944364,72.824666,13620.2,83050,? 350.00,"? 2,90,67,500.00",Popular,
Worli,Shivin Cafe n More..,4.8,46,"Shop No. 1, Narkar Chawl, near worli mahindra towers, opp. Milan Punjab Hotel, BDD Chawls Worli, Worli, Mumbai, Maharashtra 400018, India",19.006213,72.8217994,220.8,1150,? 550.00,"? 6,32,500.00",Premium,
Worli,Glocal,4.3,6020,"Ground Floor, Nehru Centre, Dr. Annie Besant Road, AB Nair Rd, Opposite Nehru Planetarium, Worli, Mumbai, Maharashtra 400018, India",18.9891594,72.8149457,25886,150500,? 350.00,"? 5,26,75,000.00",Popular,
Worli,Cafe Trofima,4.2,1898,"Raja Badhe Chowk Opp. Raja Rani Travels Shivaji Park Road Number 2, Lady Jamshedji Rd, Mumbai, Maharashtra 400016, India",19.0281881,72.841099,7971.6,47450,? 350.00,"? 1,66,07,500.00",Popular,
Worli,Starbucks,4.3,1526,"Atria-The Millennium Mall, No 1b/2, Dr Annie Besant Rd, West, Worli, Mumbai, Maharashtra 400018, India",18.9913728,72.8142375,6561.8,38150,? 350.00,"? 1,33,52,500.00",Popular,
Worli,Coffee By Di Bella Mahim,4.2,4162,"West Wind Apartment, West Wind Building, Cadell Road, Mahim West, Kataria Colony, Shivaji Park, Swatantryaveer Savarkar Rd, above Cafe Di Bella, near Hinduja Hospitals, Dadar, Mumbai, Maharashtra 400016, India",19.0315287,72.8388039,17480.4,104050,? 350.00,"? 3,64,17,500.00",Popular,
Worli,Euphoria Cafe Lalbaug,4.5,121,"Shop No. 9 , Anant Niwas , Sane Guruji Marg, station, near Chinchpokli, Lal Baug, Mumbai, Maharashtra 400012, India",18.9893839,72.8347596,544.5,3025,? 450.00,"? 13,61,250.00",Premium,
Worli,Circle Sixty Nine,4.6,48,"69, Sir Pochkhanawala Rd, B Wing, Worli, Mumbai, Maharashtra 400030, India",19.0037413,72.8148062,220.8,1200,? 450.00,"? 5,40,000.00",Premium,
Worli,Barista Cafe Urmi axis,4.3,17,"1st Floor, Urmi Axis Building, behind Famous Studio, Mahalakshmi, Mumbai, Maharashtra 400011, India",18.9882905,72.8244569,73.1,425,? 350.00,"? 1,48,750.00",Popular,
Worli,The Coffee Bean & Tea Leaf,4.2,102,"XRQH+5FH, Shastri Nagar, Adarsh Nagar, Lower Parel, Mumbai, Maharashtra 400013, India",18.9879479,72.8287202,428.4,2550,? 350.00,"? 8,92,500.00",Popular,
Worli,Steps Cafe,4.4,582,"Steps Caf??, Tertulian Rd, off Doctor Peter Dias Road, Mount Mary, Bandra West, Mumbai, Maharashtra 400050, India",19.0490016,72.823652,2560.8,14550,? 450.00,"? 65,47,500.00",Popular,
Worli,Art Cafe,3.8,5,"XRQ8+F56, Lotus Colony, Worli, Mumbai, Maharashtra 400018, India",18.9886649,72.815401,19,125,? 350.00,"? 43,750.00",Average,
Worli,Chai Pe Charcha,3.9,975,"Prabhavinayak Building, Shop no. 3, New Prabhadevi Marg, society, Prabhadevi, Mumbai, Maharashtra 400025, India",19.0134229,72.8275121,3802.5,24375,? 350.00,"? 85,31,250.00",Average,
Worli,Copper Chimney - North Indian Family Restaurant in Worli,4.3,8397,"Ground Floor, Door No.12-A, Lotus Court, Dr Annie Besant Rd, Lotus Colony, Worli, Mumbai, Maharashtra 400018, India",18.9882861,72.8141704,36107.1,209925,? 350.00,"? 7,34,73,750.00",Popular,
Worli,Imperial Lounge (NSCI),4.2,11,"XRP8+97J, Lotus Colony, Worli, Mumbai, Maharashtra 400018, India",18.9859743,72.815637,46.2,275,? 350.00,"? 96,250.00",Popular,
Worli,Wilson's Tea house @ St Regis Mumbai,4.5,37,"XRVF+GMR, Extension of Entry Rd to Phoenix, Lower Parel, Mumbai, Maharashtra 400013, India",18.9938701,72.8241522,166.5,925,? 450.00,"? 4,16,250.00",Premium,
Worli,Bharat Coffee House,4.2,5,"Mentri House 114 Ganapatrao Kadam Marg, Ganpati Jadhav Marg, Worli Naka, Mumbai, Maharashtra 400018, India",18.9985103,72.8178532,21,125,? 350.00,"? 43,750.00",Popular,
Worli,AER,4.4,2739,"34th Floor, 1/136, Dr Elijah Moses Rd, Gandhi Nagar, Upper Worli, Worli, Mumbai, Maharashtra 400018, India",18.9937424,72.8202742,12051.6,68475,? 450.00,"? 3,08,13,750.00",Popular,
Worli,Cafe kadak special,4.5,71,"Parel East, Parel, Mumbai, Maharashtra 400012, India",18.9987897,72.8393026,319.5,1775,? 450.00,"? 7,98,750.00",Premium,
Worli,Elementaria Bakery Cafe,4.2,853,"B, Kamala Mills Compound, Unit no 7, Trade World, Lower Parel, Mumbai, Maharashtra 400013, India",19.0028754,72.8287473,3582.6,21325,? 350.00,"? 74,63,750.00",Popular,
Worli,Starbucks,4.4,789,"First Floor Lobby Indiabulls Finance Centre Center Point Building, Parel, Mumbai, Maharashtra 400013, India",19.0102795,72.8351533,3471.6,19725,? 450.00,"? 88,76,250.00",Popular,
Worli,Aromas cafe,4.5,6,"Hurry chutney,Apurva estate, Opp BDD chawl, no 115, SS apurva marg, Worli, Mumbai, Maharashtra 400013, India",19.0029709,72.8222464,27,150,? 450.00,"? 67,500.00",Premium,
Worli,Cheezy Freezy,4.5,92,"Chaityabhoomi Shop no 05, Park Apartment, Dadar West, Shivaji Park, Mumbai, Maharashtra 400028, India",19.0254758,72.835517,414,2300,? 450.00,"? 10,35,000.00",Premium,
Worli,Ellipsis Bakery,4.1,96,"Recondo Estate, inside Asphalt Garage BMC Compound, Sudam Kalu Ahire Marg, next to Rna Mirage, Mumbai, Maharashtra 400030, India",19.0103735,72.8224877,393.6,2400,? 350.00,"? 8,40,000.00",Popular,
Worli,Subko at Museum of Solutions,4.4,58,"First floor, Victoria House, Lower Parel, Mumbai, Maharashtra 400013, India",19.0056113,72.8274506,255.2,1450,? 450.00,"? 6,52,500.00",Popular,
Worli,The Bombay Cartel,4.3,3054,"Kamala Mills Compound, Shop 4-5, 1st Floor Bombay Hub, Z - Wing, Senapati Bapat Marg, Lower Parel, Mumbai, Maharashtra 400013, India",19.0025054,72.8294298,13132.2,76350,? 350.00,"? 2,67,22,500.00",Popular,
Worli,The Coffee,4.3,298,"Ground Floor, North Sky zone, Senapati Bapat Marg, Lower Parel, Mumbai, Maharashtra 400013, India",18.9947183,72.8251958,1281.4,7450,? 350.00,"? 26,07,500.00",Popular,
Bandra,Boojee Cafe,4.5,3809,"Shop No 6, New Kantwadi Rd, off Perry Cross Road, Bandra West, Mumbai, Maharashtra 400050, India",19.0605979,72.82439,17140.5,95225,? 450.00,"? 4,28,51,250.00",Premium,
Bandra,Pali Village Caf??,4.4,2007,"10, Pali Mala Rd, Adarsh Nagar, Bandra West, Mumbai, Maharashtra 400050, India",19.062202,72.8293888,8830.8,50175,? 450.00,"? 2,25,78,750.00",Popular,
Bandra,Candies,4.3,17088,"5AA Pali Hill, Bandra (W), next to Learners Academy School, Mumbai, Maharashtra 400050, India",19.0610866,72.8266907,73478.4,427200,? 350.00,"? 14,95,20,000.00",Popular,
Bandra,Earth Cafe @ Waterfield,4.4,1445,"Durga Chambers, Waterfield Road, above Pernia's Pop Up MEN, Bandra West, Mumbai, Maharashtra 400050, India",19.0590714,72.834038,6358,36125,? 450.00,"? 1,62,56,250.00",Popular,
Bandra,Bombay Coffee House,4.2,3019,"248, Neelkamal Building, Waterfield Road, opposite National College, Bandra West, Mumbai, Maharashtra 400050, India",19.0632296,72.8347585,12679.8,75475,? 350.00,"? 2,64,16,250.00",Popular,
Bandra,Tea Villa Caf??,4,4246,"Hill Rd, opp. Marks & Spencer, Santosh Nagar, Bandra West, Mumbai, Maharashtra 400050, India",19.0557822,72.8340128,16984,106150,? 350.00,"? 3,71,52,500.00",Popular,
Bandra,Blue Tokai Coffee Roasters | Bandra,4.4,1420,"Shop No 1, Mayflower Building, 33, New Kant Wadi Lane, Perry Cross Rd, Bandra West, Mumbai, Maharashtra 400050, India",19.0604077,72.824326,6248,35500,? 450.00,"? 1,59,75,000.00",Popular,
Bandra,Cafe BANDRA,4.2,967,"3R6J+XCM, Mumbai Pali, Village, Bandra West, Mumbai, Maharashtra 400050, India",19.0624709,72.8310496,4061.4,24175,? 350.00,"? 84,61,250.00",Popular,
Bandra,Caf?? Andora,4.4,2390,"10, St Domnic Rd, Bandra West, Mumbai, Maharashtra 400050, India",19.0573519,72.8276774,10516,59750,? 450.00,"? 2,68,87,500.00",Popular,
Bandra,Aromas Caf?? & Bistro,4.3,1546,"Ground Floor, Mamta Building, Waterfield Road, Linking Rd, near National College, Bandra West, Mumbai, Maharashtra 400050, India",19.0627428,72.8345117,6647.8,38650,? 350.00,"? 1,35,27,500.00",Popular,
Bandra,Chantilly - The Caf??,4.4,2417,"Chantilly, Shop no. 2, Darvesh Royale Building, Perry Road, Turner Rd, opposite Kotak Mahindra Bank, Junction, Bandra West, Mumbai, Maharashtra 400050, India",19.0593071,72.8289074,10634.8,60425,? 450.00,"? 2,71,91,250.00",Popular,
Bandra,Grounded Cafe,4.4,914,"Shop no.1, Natalwala Bungalow, 41, BJ Road, Mount Mary, Bandra West, Mumbai, Maharashtra 400050, India",19.0477868,72.8208858,4021.6,22850,? 450.00,"? 1,02,82,500.00",Popular,
Bandra,Mokai Cafe,4.5,543,"Chapel Rd, St Sebastian Colony, Ranwar, Bandra West, Mumbai, Maharashtra 400050, India",19.0524466,72.8285898,2443.5,13575,? 450.00,"? 61,08,750.00",Premium,
Bandra,Steps Cafe,4.4,582,"Steps Caf??, Tertulian Rd, off Doctor Peter Dias Road, Mount Mary, Bandra West, Mumbai, Maharashtra 400050, India",19.0490016,72.823652,2560.8,14550,? 450.00,"? 65,47,500.00",Popular,
Bandra,Breve Cafe,4,641,"Shop No.12, Pearl Haven Apartments, Chapel Rd, St Sebastian Colony, Mount Mary, Bandra West, Mumbai, Maharashtra 400050, India",19.0506206,72.8265991,2564,16025,? 350.00,"? 56,08,750.00",Popular,
Bandra,Old Street Cafe & Bar,4.3,605,"No-95, Fernandes Villa, Hill Rd, near St Andrew's Church, Ranwar, Bandra West, Mumbai, Maharashtra 400050, India",19.0546223,72.8258429,2601.5,15125,? 350.00,"? 52,93,750.00",Popular,
Bandra,The Village Shop,4.4,695,"5AA, Mac Ronells Bungalow, Saint Andrews Ext, next to LearnerÉ??s Academy, Bandra West, Mumbai, Maharashtra 400050, India",19.0612127,72.8269432,3058,17375,? 450.00,"? 78,18,750.00",Popular,
Bandra,The Bagel Shop,4.2,2437,"30, Pali Mala Rd, Pali Hill, Mumbai, Maharashtra 400050, India",19.063307,72.8249281,10235.4,60925,? 350.00,"? 2,13,23,750.00",Popular,
Bandra,Mary Lodge by Subko,4.3,2522,"Ground Floor, Mary Lodge, 21A, Chapel Rd, Ranwar, Bandra West, Mumbai, Maharashtra 400050, India",19.0531759,72.8301089,10844.6,63050,? 350.00,"? 2,20,67,500.00",Popular,
Bandra,Morii cafe,4.8,104,"36/A, åü? Sanatan Pereira Bungalow, St John Baptist Rd, Mount Mary, Bandra West, Mumbai, Maharashtra 400050, India",19.0486189,72.8259405,499.2,2600,? 550.00,"? 14,30,000.00",Premium,
Bandra,The Nest Bandra,4.2,143,"1st Floor, Hotel Metro Palace, Hill Rd, opposite Marks & Spencer, above Barbeque Nation, Bandra West, Mumbai, Maharashtra 400050, India",19.0562814,72.8343212,600.6,3575,? 350.00,"? 12,51,250.00",Popular,
Bandra,The Bandstand Pantry,4.2,582,"Bandstand Apartments, Shop 1, BJ Road, next to Barista Cafe, Bandra West, Mumbai, Maharashtra 400050, India",19.0475017,72.8201562,2444.4,14550,? 350.00,"? 50,92,500.00",Popular,
Bandra,Method Bandra,4.6,140,"Shop No.5, Pearl Haven Apartments, Chapel Rd, St Sebastian Colony, Mount Mary, Bandra West, W, Mumbai, Maharashtra 400050, India",19.0505612,72.8267888,644,3500,? 450.00,"? 15,75,000.00",Premium,
Bandra,Bokka Coffee,4.3,343,"Shop No 1 & 2, Salad Co, Rita Appartment, 16th Rd, opposite Canara Bank, Bandra West, Mumbai, Maharashtra 400050, India",19.0649962,72.8310664,1474.9,8575,? 350.00,"? 30,01,250.00",Popular,
Bandra,The Library Cafe,4.1,349,"355(6, Carter Road, opp. Gagangiri Apartment, next to Carter's Blue, Hanuman Nagar, Bandra West, Mumbai, Maharashtra 400052, India",19.0707289,72.8224683,1430.9,8725,? 350.00,"? 30,53,750.00",Popular,
Bandra,Brooke Bond Taj Mahal Tea House,4.5,3745,"Sanatan Pereira Bungalow, 36/A, St John Baptist Rd, Mount Mary, Bandra West, Mumbai, Maharashtra 400050, India",19.048598,72.8258504,16852.5,93625,? 450.00,"? 4,21,31,250.00",Premium,
Bandra,The Nutcracker,4.4,2749,"St John Baptist Rd, St Sebastian Colony, Mount Mary, Bandra West, Mumbai, Maharashtra 400050, India",19.0501278,72.8263372,12095.6,68725,? 450.00,"? 3,09,26,250.00",Popular,
Bandra,"Poetry by Love and Cheesecake, Bandra W",4.4,841,"Kamal VIshranti Kutir opposite St Theresa School, 24th Road, Plot 104, D Bandra West, Khar West, Mumbai, Maharashtra 400052, India",19.0627843,72.8327868,3700.4,21025,? 450.00,"? 94,61,250.00",Popular,
Bandra,Greenr Cafe,4.5,717,"Greenr, 57/116, Drego House, Pali Naka, Dr Ambedkar Rd, Bandra West, Mumbai, Maharashtra 400050, India",19.0636412,72.8293909,3226.5,17925,? 450.00,"? 80,66,250.00",Premium,
Bandra,Barista,4.1,2070,"Shop No.2, Bandstand Apartments, BJ Road, near Mannat Building, Mount Mary, Bandra West, Mumbai, Maharashtra 400050, India",19.0475212,72.8201264,8487,51750,? 350.00,"? 1,81,12,500.00",Popular,
Bandra,Mitron Bar & Cafe - Bandra,3.9,2041,"of 24th, Crystal Shoppers Paradise Mall 498, Off Link Road Junction, and, 33rd Rd, Bandra West, Mumbai, Maharashtra 400050, India",19.0652421,72.8334823,7959.9,51025,? 350.00,"? 1,78,58,750.00",Average,
Bandra,Candies at Bandra Reclamation,4.2,3266,"ONGC Complex, Bandra Reclamation, near Lilavati Hospital, Mumbai, Maharashtra 400050, India",19.0495681,72.829933,13717.2,81650,? 350.00,"? 2,85,77,500.00",Popular,
Bandra,Coffee By Di Bella Carter Road,4.1,968,"Gagangiri Premises Building, Sangeet Samrat Naushad Ali Rd, Bandra West, Mumbai, Maharashtra 400052, India",19.0703492,72.8227481,3968.8,24200,? 350.00,"? 84,70,000.00",Popular,
Bandra,Kabira's Cafe,4.5,518,"Shop no, National Centre For Training And Research 1, 88, KC Marg, Nityanand Nagar, Reclamation, Bandra West, Mumbai, Maharashtra 400050, India",19.0507025,72.8299906,2331,12950,? 450.00,"? 58,27,500.00",Premium,
Bandra,KCROASTERS By Koinonia,4.5,690,"6, Chuim Village Rd, Khar, Chuim Village, Danda, Khar West, Mumbai, Maharashtra 400052, India",19.0731907,72.8263799,3105,17250,? 450.00,"? 77,62,500.00",Premium,
Bandra,145 Bandra,4.3,4707,"101, HSBC Building, 1st Floor, Pali Road Off Turner Road, near Golds Gym, Bandra West, Mumbai, Maharashtra 400050, India",19.0603786,72.8293174,20240.1,117675,? 350.00,"? 4,11,86,250.00",Popular,
Bandra,Brakefree Cafe,4.3,75,"Title Waves, St Paul Media Complex, ST. PAUL'S INSTITUTE OF COMMUNICATION EDUCATION, Rd Number 24, opp. Duruelo Convent School, Bandra West, Mumbai, Maharashtra 400050, India",19.0609311,72.8324592,322.5,1875,? 350.00,"? 6,56,250.00",Popular,
Bandra,Eat Around the Corner,4.3,4318,"24th, High School, Junction of, &, 30th Rd, opp. St. Theresa's Boys, TPS III, Bandra West, Mumbai, Maharashtra 400050, India",19.0624154,72.8326796,18567.4,107950,? 350.00,"? 3,77,82,500.00",Popular,
Bandra,I CAFE (Bandra West),4.7,261,"Ranwar, Bandra West, Mumbai, Maharashtra 400050, India",19.0519426,72.829369,1226.7,6525,? 550.00,"? 35,88,750.00",Premium,
Bandra,Boojee cafe,4.5,281,"Sat Kartar building, 16th Rd, Bandra West, Mumbai, Maharashtra 400050, India",19.0669428,72.8310066,1264.5,7025,? 450.00,"? 31,61,250.00",Premium,
Bandra,RITUAL daily coffee,4.6,189,"Dr Ambedkar Rd, Pali Market, Pali Hill, Mumbai, Maharashtra 400050, India",19.0651979,72.8296346,869.4,4725,? 450.00,"? 21,26,250.00",Premium,
Bandra,Sugar Daddy,3.9,326,"Ground Floor, Noorie House, 4 Rajan Road, Off Carter Rd, Bandra West, Mumbai, Maharashtra 400050, India",19.0671356,72.8240967,1271.4,8150,? 350.00,"? 28,52,500.00",Average,
Bandra,Subko Mini at Art and Charlie,4.6,48,"New Red House, 71A, inside Pali Village, Pali Village, Bandra West, Mumbai, Maharashtra 400050, India",19.0632016,72.830012,220.8,1200,? 450.00,"? 5,40,000.00",Premium,
Bandra,The Bluebop Cafe,4.4,783,"318, Linking Rd, Khar, Khar West, Mumbai, Maharashtra 400052, India",19.0726389,72.8343718,3445.2,19575,? 450.00,"? 88,08,750.00",Popular,
Bandra,Carter Road SOCIAL,4.3,7623,"Gagangiri CHS Ltd, Plot 21, Sangeet Samrat Naushad Ali Rd, opposite Carter Promenade, Union Park, Pali Hill, Mumbai, Maharashtra 400052, India",19.0705349,72.8227392,32778.9,190575,? 350.00,"? 6,67,01,250.00",Popular,
Bandra,Chocolateria San Churro,4.3,2417,"Shop no 2, Simple Apartments, 16th Rd, Bandra West, Mumbai, Maharashtra 400050, India",19.0651201,72.8310646,10393.1,60425,? 350.00,"? 2,11,48,750.00",Popular,
Bandra,Cafe Duco,4.2,101,"Trimurti Building, Pyari Nagar, Danda, Khar Danda, Mumbai, Maharashtra 400050, India",19.0742383,72.8250316,424.2,2525,? 350.00,"? 8,83,750.00",Popular,
Bandra,Ray's Cafe & Pizzeria,4.3,1403,"133, Gazebo House, Hill Rd, Bandra West, Mumbai, Maharashtra 400050, India",19.0550724,72.8283211,6032.9,35075,? 350.00,"? 1,22,76,250.00",Popular,
Bandra,Coffee By Di Bella,4.3,704,"1, Perry Cross Rd, Bandra West, Mumbai, Maharashtra 400050, India",19.0624658,72.8235791,3027.2,17600,? 350.00,"? 61,60,000.00",Popular,
Bandra,Farmer Cafe,4.2,3653,"Shop No.1, Celeste Bldg, Plot No. 470, Kinchin CHS, 14th Rd, Khar, Khar West, Mumbai, Maharashtra 400052, India",19.0669696,72.832882,15342.6,91325,? 350.00,"? 3,19,63,750.00",Popular,
Bandra,"Chaayos Cafe at Chapel Road, Bandra West",4,2311,"Unit No - 1,GF, 80, Chapel Rd, nr. Lilavati Hospital, St Sebastian Colony, Mount Mary, Bandra West, Mumbai, Maharashtra 400050, India",19.0510289,72.8273952,9244,57775,? 350.00,"? 2,02,21,250.00",Popular,
Bandra,Grey Soul Coffee Roasters (Bandra West),4.5,80,"Dr Ambedkar Rd, next to Wellness Forever, opp. Zig Zag Road, Pali Village, Bandra West, Mumbai, Maharashtra 400050, India",19.0648058,72.8299113,360,2000,? 450.00,"? 9,00,000.00",Premium,
Bandra,Earth Cafe @ Juhu,4.1,380,"Janki Kutir, Juhu Tara, Juhu, Mumbai, Maharashtra 400049, India",19.106173,72.8263839,1558,9500,? 350.00,"? 33,25,000.00",Popular,
Bandra,Starbucks,4.3,2128,"No 2/3, Vinco Apartment, Chapel Rd, near Saltwater Cafe, Reclamation, Bandra West, Mumbai, Maharashtra 400050, India",19.0506685,72.8272912,9150.4,53200,? 350.00,"? 1,86,20,000.00",Popular,
Bandra,Javaphile Carter road,4.3,187,"Javaphile cafe, Sangeet Samrat Naushad Ali Rd, next to Oceanic, Shirley, Pali Hill, Mumbai, Maharashtra 400050, India",19.0664757,72.8232217,804.1,4675,? 350.00,"? 16,36,250.00",Popular,
Bandra,Beyond Cafe Bandra West,4.4,29,"29th Rd, Bandra West, Mumbai, Maharashtra 400050, India",19.0615711,72.8335747,127.6,725,? 450.00,"? 3,26,250.00",Popular,
Bandra,Records.coffee by Veranda,4.4,58,"331, Bloom Boutique Dr. BR Ambedkar Road, Pali Hill Rd, Bandra West, Mumbai, Maharashtra 400050, India",19.0667875,72.8303126,255.2,1450,? 450.00,"? 6,52,500.00",Popular,
Bandra,Noa by The Nutcracker,4.3,70,"Shop No. 3 & 4, 384 Kamal VIshranti Kutir opposite St Theresa School, 24th Road, Plot 104, D, Bandra West, Mumbai, Maharashtra 400050, India",19.0627958,72.8327892,301,1750,? 350.00,"? 6,12,500.00",Popular,
Bandra,Baked In Bombay By Bread Boulevard,4.9,291,"Shop No, 61, Waroda Rd, Ranwar, Bandra West, Mumbai, Maharashtra 400050, India",19.0540712,72.8271995,1425.9,7275,? 550.00,"? 40,01,250.00",Premium,
Bandra,Madras Diaries,3.9,3179,"Shop No. 7, Ground Floor, Muzaffar Manor, 28th Rd, Bandra West, Mumbai, Maharashtra 400050, India",19.0599386,72.8339922,12398.1,79475,? 350.00,"? 2,78,16,250.00",Average,
Andheri,August Cafe,4.3,2144,"A-3, Sastri Nagar Rd, Sundervan Complex, Shastri Nagar, Andheri West, Mumbai, Maharashtra 400053, India",19.137403,72.8270394,9219.2,53600,? 350.00,"? 1,87,60,000.00",Popular,
Andheri,Aromas Cafe & Bistro,4.2,1373,"Shop no-13/14/19, Beside Oshiwara police station, Ground floor, Oshiwara link plaza, Mhada Colony, Andheri West, Mumbai, Maharashtra 400102, India",19.1482221,72.8315771,5766.6,34325,? 350.00,"? 1,20,13,750.00",Popular,
Andheri,Leaping Windows,4.6,2125,"Corner View, 3, Dr.Ashok Chopra Marg, Opp. Bianca Towers, Amit Nagar, Versova, Andheri West, Mumbai, Maharashtra 400061, India",19.1387888,72.81339,9775,53125,? 450.00,"? 2,39,06,250.00",Premium,
Andheri,Bombay To Barcelona Library Cafe,4.6,2589,"Timmy Arcade, 778, Makwana Rd, Gamdevi, Marol, Andheri East, Mumbai, Maharashtra 400059, India",19.1094204,72.8811811,11909.4,64725,? 450.00,"? 2,91,26,250.00",Premium,
Andheri,The Homemade Cafe,4.3,1780,"Shop No. 4, 41, kaveri Building, Near, Oshiwara Police Station Rd, Anand Nagar, Andheri West, Mumbai, Maharashtra 400102, India",19.1495433,72.8316975,7654,44500,? 350.00,"? 1,55,75,000.00",Popular,
Andheri,Poolside Cafe,4.2,442,"VITS Hotel, International Airport Zone, Andheri - Kurla Rd, Bhim Nagar, Andheri East, Mumbai, Maharashtra 400059, India",19.111668,72.871333,1856.4,11050,? 350.00,"? 38,67,500.00",Popular,
Andheri,Momo Cafe,4.3,875,"CTS 215, Andheri - Kurla Rd, opposite Carnival Cinemas, Hanuman Nagar, Andheri East, Mumbai, Maharashtra 400059, India",19.113822,72.8641022,3762.5,21875,? 350.00,"? 76,56,250.00",Popular,
Andheri,Caf?? Coffee Day,3.9,1248,"Gokul Regency, V.M Shah Marg, Taruvel CHS, Wing-C, J B Nagar, Andheri East, Andheri, Mumbai, Maharashtra 400099, India",19.1068725,72.8638823,4867.2,31200,? 350.00,"? 1,09,20,000.00",Average,
Andheri,Cafe Holiday Versova,4.3,763,"Social, Meera Apts, 7/11, Juhu Versova Link Rd, opp. Versova, Gharkul Society, Seven Bunglow, Andheri West, Mumbai, Maharashtra 400053, India",19.1265453,72.8208821,3280.9,19075,? 350.00,"? 66,76,250.00",Popular,
Andheri,145 Andheri,4.3,2392,"Plot no B, Ghanshyam Chambers, 1st Floor, Andheri West Above RBL Bank, Opp Citi Mall, New Link Rd, Veera Desai Industrial Estate, Mumbai, Maharashtra 400053, India",19.1393467,72.832315,10285.6,59800,? 350.00,"? 2,09,30,000.00",Popular,
Andheri,Love & Latte Lokhandwala,4.2,3561,"Shop 7, Ground Flr, N G Eclat, Millat Nagar External Rd, Yamuna Nagar, Andheri West, Mumbai, Maharashtra 400047, India",19.1495711,72.828069,14956.2,89025,? 350.00,"? 3,11,58,750.00",Popular,
Andheri,Pachinco - Cafe & More,4.3,69,"Ground Floor, Crescent Royale, Veera Desai Road, off link road Behind Crescent Tower, Andheri West, Mumbai, Maharashtra 400053, India",19.1400398,72.8349985,296.7,1725,? 350.00,"? 6,03,750.00",Popular,
Andheri,Blue Tokai Coffee Roasters | Versova,4.3,1315,"Shop Number 6, JP Rd, opposite Palm Beach Apartment, Aram Nagar Part 1, Machlimar, Versova, Andheri West, Mumbai, Maharashtra 400061, India",19.132837,72.8123491,5654.5,32875,? 350.00,"? 1,15,06,250.00",Popular,
Andheri,Caf?? Barra 12,4.7,187,"Shop No.4, Varsha Apartments, Gharkul Society, Seven Bunglow, Andheri West, Mumbai, Maharashtra 400061, India",19.1286255,72.819467,878.9,4675,? 550.00,"? 25,71,250.00",Premium,
Andheri,Gallery cafe,4.5,983,"Cluster_mumbai Suburban_714, X - 22, MIDC Central Rd, Hanuman Nagar, Andheri East, Mumbai, Maharashtra 400093, India",19.1175841,72.8647278,4423.5,24575,? 450.00,"? 1,10,58,750.00",Premium,
Andheri,CocoBroma Coffee Cafe Andheri west,4.7,154,"Shop no 12, Sterling apt, Sundervan Complex, Shastri Nagar, Andheri West, Mumbai, Maharashtra 400053, India",19.1374154,72.8271903,723.8,3850,? 550.00,"? 21,17,500.00",Premium,
Andheri,Love & Latte Versova,4.4,1732,"10A&B, JP Rd, Aram Nagar Part 2, Machlimar, Versova, Andheri West, Mumbai, Maharashtra 400061, India",19.1329998,72.8122622,7620.8,43300,? 450.00,"? 1,94,85,000.00",Popular,
Andheri,Coffee By Di Bella Versova,4.1,2877,"CHS, LTD, Beach Queen Apartments, Shop no 6 and 7, JP Rd, Versova, Andheri West, Mumbai, Maharashtra 400061, India",19.133372,72.8115369,11795.7,71925,? 350.00,"? 2,51,73,750.00",Popular,
Andheri,Coffee By Di Bella Lokhandwala,4.2,1740,"Shop 16, Plot 98-A/116, Greenville Co-Operative Housing Society Limited,, Opposite Samarth Vaibhav Lokhandwala Complex, Andheri Lokhandwala, Andheri, West, Mumbai, Maharashtra 400053, India",19.1467306,72.8286784,7308,43500,? 350.00,"? 1,52,25,000.00",Popular,
Andheri,Third Wave Coffee,4.7,778,"Spring Leaf Cooperative Housing Society, JP Rd, opposite to Nana Nani Garden, Versova, Andheri West, Mumbai, Maharashtra 400061, India",19.1289871,72.8176584,3656.6,19450,? 550.00,"? 1,06,97,500.00",Premium,
Andheri,Roots Cafe,4.1,158,"Airport Rd, Bori Colony, Marol, Andheri East, Mumbai, Maharashtra 400059, India",19.1096771,72.8759816,647.8,3950,? 350.00,"? 13,82,500.00",Popular,
Andheri,Starbucks,4.3,2431,"E, SN 5, Kanakia Wall St, Andheri - Kurla Rd, near KFC, A-Wing, Chakala, Hanuman Nagar, Andheri, Mumbai, Maharashtra 400053, India",19.1147595,72.8611471,10453.3,60775,? 350.00,"? 2,12,71,250.00",Popular,
Andheri,Third Wave Coffee,4.7,1110,"Ground floor, Green Ville CHS, opposite Samarth Vaibhav, Lokhandwala Complex, Andheri West, Mumbai, Maharashtra 400053, India",19.1466111,72.828695,5217,27750,? 550.00,"? 1,52,62,500.00",Premium,
Andheri,DinshawÉ??s Xpress Cafe,4.1,958,"Shop No.6, Windermere, New Link Rd, off Oshiwara, Mhada Colony, Andheri West, Mumbai, Maharashtra 400053, India",19.1525282,72.8312724,3927.8,23950,? 350.00,"? 83,82,500.00",Popular,
Andheri,Da Studio Cafe,4.6,93,"Ground floor , Plot No 1 , Compound. 1, Marol Cooperative Industrial Estate, Marol Maroshi Rd, Marol, Andheri East, Mumbai, Maharashtra 400059, India",19.1131891,72.8821277,427.8,2325,? 450.00,"? 10,46,250.00",Premium,
Andheri,The Trans Cafe,4.7,91,"Bunglow 30/33, Old, Mhada Rd, opposite Laxmi Dairy, near Hanuman Mandir Lane, SV Patel Nagar, Andheri West, Mumbai, Maharashtra 400053, India",19.136252,72.8213442,427.7,2275,? 550.00,"? 12,51,250.00",Premium,
Andheri,Ohh My Dog Pefe,4.6,3035,"Pratisthan Bunglow,Yamuna Nagar, Back Road, opp. Fairy Land School, beside RNA Eclat, Lokhandwala Complex, Andheri West, Mumbai, Maharashtra 400053, India",19.1497092,72.8270208,13961,75875,? 450.00,"? 3,41,43,750.00",Premium,
Andheri,CAFE MAROL,3.9,2876,"Shop no : 1, 2 ,3, Everjoy Apartments, opp: silver inn, Bori Colony, Marol, Andheri East, Mumbai, Maharashtra 400059, India",19.1114306,72.8786411,11216.4,71900,? 350.00,"? 2,51,65,000.00",Average,
Andheri,JW Cafe,4.6,2453,"Chhatrapati Shivaji International Airport Area, Navpada, Vile Parle East, Vile Parle, Mumbai, Maharashtra 400099, India",19.103168,72.877702,11283.8,61325,? 450.00,"? 2,75,96,250.00",Premium,
Andheri,Idlay Cafe (Western Express Highway),4.7,167,"82, Andheri - Kurla Rd, near Cine Magic Cinema, Gundavali, Andheri East, Mumbai, Maharashtra 400093, India",19.1156727,72.8569454,784.9,4175,? 550.00,"? 22,96,250.00",Premium,
Andheri,Prithvi Cafe,4.4,18396,"Apartment, Alongside, Prithvi Theatre, 20, Juhu Rd, Janki Kutir, Juhu, Mumbai, Maharashtra 400049, India",19.1061292,72.8257094,80942.4,459900,? 450.00,"? 20,69,55,000.00",Popular,
Andheri,Magari,4.1,431,"Jawaharban Apartment, Magari, Shop Number 9, society, opposite Kokilaben Hospital, Four Bungalows, Andheri West, Mumbai, Maharashtra 400053, India",19.1307759,72.8262078,1767.1,10775,? 350.00,"? 37,71,250.00",Popular,
Andheri,The Backyard Brew,4.5,518,"Shop No. 1 & 2, Poseidon Apartment, Inlaks Nagar, Versova, Andheri West, Mumbai, Maharashtra 400061, India",19.1411115,72.8129746,2331,12950,? 450.00,"? 58,27,500.00",Premium,
Andheri,TBHC -The Buddies Huddle Cafe,4.2,415,"Shop No. 5, Ameya House CHSL, Mumbai, Maharashtra 400058, India",19.1273277,72.8383762,1743,10375,? 350.00,"? 36,31,250.00",Popular,
Andheri,The Turquoise Bean Cafe,4.3,156,"Oberoi Raviraj Complex, Shop No. 14, Mayfair Apartment, New Link Rd, Andheri West, Mumbai, Maharashtra 400053, India",19.13676,72.8293734,670.8,3900,? 350.00,"? 13,65,000.00",Popular,
Andheri,Cafe White Lama - European Eatery,4.1,459,"Shop No.1, Samarth Vaibhav, Society, Lokhandwala Rd, near IDBI Bank, Tarapore Gardens, Oshiwara, Andheri West, Mumbai, Maharashtra 400102, India",19.1470607,72.8292694,1881.9,11475,? 350.00,"? 40,16,250.00",Popular,
Andheri,Pair A Dice Cafe,4.2,1199,"1st Floor, Link Plaza Commercial Complex, 53, above Fire Bowl Restaurant, Andheri West, Mumbai, Maharashtra 400102, India",19.148246,72.8315773,5035.8,29975,? 350.00,"? 1,04,91,250.00",Popular,
Andheri,Cafe Tandoor 69,4.9,340,"Flt No - 31, Sai Kripa Compound Telli Galli Road, Outhouse, near Imperial Hotel, Andheri East, Mumbai, Maharashtra 400069, India",19.1173728,72.8505042,1666,8500,? 550.00,"? 46,75,000.00",Premium,
Andheri,"Idlay Cafe, J.B Nagar, Andheri ( E )",4.6,805,"Shop no 9, Srinivas, Ashish Apartment, Shriniwas Bagarka Rd, Akal Society, Kanti Nagar, J B Nagar, Andheri East, Mumbai, Maharashtra 400059, India",19.1080965,72.8646534,3703,20125,? 450.00,"? 90,56,250.00",Premium,
Andheri,Starbucks,4.4,2721,"No 8, GF, Infiniti Mall, New Link Rd Kavivar, Pandit Indra Marg, next to Raheja Classique Complex, Oshiwara, Mumbai, Maharashtra 400053, India",19.1414982,72.8314467,11972.4,68025,? 450.00,"? 3,06,11,250.00",Popular,
Andheri,Caf?? Coffee Day,3.9,965,"Shop.No 2, Bharat Ark, Veera Desai Rd, Mhada Colony, Azad Nagar, Andheri West, Mumbai, Maharashtra 400053, India",19.1305314,72.8374181,3763.5,24125,? 350.00,"? 84,43,750.00",Average,
Andheri,BEST BUDDY'S CAFE,4.1,135,"SHOP NO. 1, BUILDING NO. 42, MATRUCHHAY CHSL, Oshiwara Police Station Road, ,Andheri West, Mumbai, Maharashtra 400102, India",19.1497865,72.8317348,553.5,3375,? 350.00,"? 11,81,250.00",Popular,
Andheri,Barista,3.9,1127,"Shop no. 2, Reporters Bungalow, 120, Swami Vivekananda Rd, nr. Shoppers Stop, Navpada, Andheri West, Mumbai, Maharashtra 400058, India",19.1137748,72.8417439,4395.3,28175,? 350.00,"? 98,61,250.00",Average,
Andheri,Barista Coffee,4.1,445,"Shop No Gala No.2, Part 1, JP Rd, Aram Nagar Part 1, Aram Nagar, Versova, Andheri West, Mumbai, Maharashtra 400061, India",19.1310477,72.8138666,1824.5,11125,? 350.00,"? 38,93,750.00",Popular,
Andheri,Blue Tokai Coffee Roasters | Andheri East,4.3,186,"Unit G-2, Amba Shanti Chambers, Andheri - Kurla Rd, Bori Colony, Vijay Nagar Colony West, Marol, Andheri East, Mumbai, Maharashtra 400056, India",19.110417,72.874232,799.8,4650,? 350.00,"? 16,27,500.00",Popular,
Andheri,Cafe Lounge - Kohinoor Continental,4.1,51,"Lobby, Hotel Kohinoor Continental, Andheri - Kurla Rd, J B Nagar, Andheri East, Mumbai, Maharashtra 400059, India",19.1122676,72.8679877,209.1,1275,? 350.00,"? 4,46,250.00",Popular,
Andheri,Cafe Bharat,3.9,895,"Shetty Building, Swami Vivekananda Rd, Fish Market Area, Navneeth Colony, Andheri West, Mumbai, Maharashtra 400058, India",19.1230381,72.8466541,3490.5,22375,? 350.00,"? 78,31,250.00",Average,
Andheri,GinGin Cafe and Bar,3.8,251,"4th floor, westside, Sai Kanwal corporation, 427/428, JP Rd, off indira nagar, opposite Cosmos Plaza, Sonal Co operative Hsg Society, Manish Nagar, Four Bungalows, Andheri West, Andheri, Mumbai, Maharashtra 400053, India",19.1283322,72.8291926,953.8,6275,? 350.00,"? 21,96,250.00",Average,
Andheri,Cafe savera,4,1037,"Shop no2, shukhmani building, Swami Vivekananda Rd, near fedai baug, opp. Nadco market, Shree Ram Nagar, Andheri West, Mumbai, Maharashtra 400058, India",19.1185026,72.8448229,4148,25925,? 350.00,"? 90,73,750.00",Popular,
Andheri,Cafe Popo,3.8,168,"36, Lallubhai Park Rd, Andheri West, Mumbai, Maharashtra 400058, India",19.1130949,72.844557,638.4,4200,? 350.00,"? 14,70,000.00",Average,
Andheri,"Coffee By Di Bella, Sher E Punjab",4.3,100,"Shop no.1 & 2, New Malinee Chs Ldt, Mahakali Caves Rd, opposite Cannosa School, Subhash Nagar, Andheri East, Mumbai, Maharashtra 400093, India",19.124683,72.8648082,430,2500,? 350.00,"? 8,75,000.00",Popular,
Andheri,Opa! Bar & Cafe,3.9,929,"Sakinaka Junction Hotel Peninsula Grand, Lokmanya Tilak Nagar, Andheri East, Mumbai, Maharashtra 400072, India",19.1024026,72.8884132,3623.1,23225,? 350.00,"? 81,28,750.00",Average,
Andheri,Vaibhav Cafe,4,3464,"Ground Floor, Syndicate Chamber, opp. Sahar Road, Railway Colony, Andheri East, Mumbai, Maharashtra 400069, India",19.1177874,72.8482205,13856,86600,? 350.00,"? 3,03,10,000.00",Popular,
Andheri,KEFI Eatery & Cafe,4.7,78,"Shop No. 11, Mayfair Apartments, Sundervan Complex Rd, near Hotel Empressa, Shastri Nagar, Andheri West, Mumbai, Maharashtra 400053, India",19.1367998,72.8293381,366.6,1950,? 550.00,"? 10,72,500.00",Premium,
Andheri,Cafe O,4.1,259,"2, Sagar Pallazio, Sakinaka, Magan Nathuram Rd, opposite Hotel Chakra, Safed Pul, Andheri East, Mumbai, Maharashtra 400072, India",19.1033051,72.8863421,1061.9,6475,? 350.00,"? 22,66,250.00",Popular,
Andheri,ESPATO - My Learn Coffee,4.5,50,"Shop No. 14, Karthik Complex, New Link Rd, opp. Laxmi Business Park, Veera Desai Industrial Estate, Andheri West, Mumbai, Maharashtra 400053, India",19.1359177,72.8326154,225,1250,? 450.00,"? 5,62,500.00",Premium,
Andheri,DAILY TRIP CAFE,4.9,49,"SHOP NO 29, Link Plaza Commercial Complex, near Om Heera Panna Mall, Mhada Colony, Andheri West, Mumbai, Maharashtra 400053, India",19.1487924,72.8320241,240.1,1225,? 550.00,"? 6,73,750.00",Premium,
Andheri,Moon Shine Cafe and Bar,4,796,"4RQJ+QR3, Veera Desai Industrial Estate, Andheri West, Mumbai, Maharashtra 400047, India",19.1393786,72.8320432,3184,19900,? 350.00,"? 69,65,000.00",Popular,
Andheri,Kruti Coffee Oshiwara,4.7,242,"Plot R, Ekdant Society, 13, Bhau Tatoba Toraskar Marg, near Ganapati Temple, Oshiwara, Andheri West, Mumbai, Maharashtra 400053, India",19.1502813,72.8318059,1137.4,6050,? 550.00,"? 33,27,500.00",Premium,
Andheri,Pachinco Andheri East,4.2,69,"Near Andheri, Metro Station Andheri, Sir M.V. Road, Andheri - Kurla Rd, E, Mumbai, Maharashtra 400069, India",19.1186027,72.8522021,289.8,1725,? 350.00,"? 6,03,750.00",Popular,
Goregaon,Coffee Connect Food Pvt Ltd.,4.3,492,"SHOP NO.8, Tulsi Deep CHS Ltd, Swami Vivekananda Rd, next to Enrich Salon, Kumud Nagar, Goregaon West, Mumbai, Maharashtra 400104, India",19.1571333,72.845751,2115.6,12300,? 350.00,"? 43,05,000.00",Popular,
Goregaon,Lord's Cafe,4.6,160,"Shop No.6, Topiwala CHS, Station-West, opp. Topiwala Mall, Kakaji Nagar, Jawahar Nagar, Goregaon, Mumbai, Maharashtra 400104, India",19.1636742,72.8472955,736,4000,? 450.00,"? 18,00,000.00",Premium,
Goregaon,Mumbai Times Cafe,4.6,101,"Emerald Club, Royal Palms, Aarey Colony, Goregaon, Mumbai, Maharashtra 400065, India",19.1558775,72.8863469,464.6,2525,? 450.00,"? 11,36,250.00",Premium,
Goregaon,Blue Tokai Coffee Roasters | Goregaon West,4.2,94,"Shop No 7, Ekta Tripolis, Siddharth Nagar Rd, Motilal Nagar I, Goregaon West, Mumbai, Maharashtra 400104, India",19.1544177,72.8434155,394.8,2350,? 350.00,"? 8,22,500.00",Popular,
Goregaon,Farzi Cafe,4.3,3749,"Unit no- 2, Third floor, Oberoi Mall, Off, Western Urban Rd, Yashodham, Goregaon, Mumbai, Maharashtra 400063, India",19.1737259,72.860708,16120.7,93725,? 350.00,"? 3,28,03,750.00",Popular,
Goregaon,Arkish cafe,4.6,208,"Shop no 15,M.C.G.M. Shopping center, Mahatma Gandhi Rd, Mitha Nagar, Goregaon West, w, Maharashtra 400104, India",19.1620675,72.8368215,956.8,5200,? 450.00,"? 23,40,000.00",Premium,
Goregaon,Third Wave Coffee,4.7,648,"Third Floor, Oberoi Mall, Unit T, off Western Urban Road, beside PVR, Yashodham, Goregaon, Mumbai, Maharashtra 400063, India",19.1740101,72.8609928,3045.6,16200,? 550.00,"? 89,10,000.00",Premium,
Goregaon,Blue Tokai Coffee Roasters | Goregaon East,4.5,30,"Shop No.2, Ground Floor, Om shree Ganesh Building, Vishveshwar Nagar Rd, opp. ICICI bank, Churi Wadi, Goregaon, Mumbai, Maharashtra 400063, India",19.1679253,72.8543309,135,750,? 450.00,"? 3,37,500.00",Premium,
Goregaon,West End Bistro,4.7,288,"Shop no. 9, Shauket Mansion, Aarey Fatak road, opp. DNS bank, Goregaon West, Mumbai, Maharashtra 400104, India",19.1665008,72.847349,1353.6,7200,? 550.00,"? 39,60,000.00",Premium,
Goregaon,Cooling Tower Cafe,3.8,154,"NIRLON KNOWLEDGE PARK, Pahadi Village Off, Western Express Highway, Cama Industrial Estate, Goregaon, Mumbai, Maharashtra 400063, India",19.1557667,72.8536135,585.2,3850,? 350.00,"? 13,47,500.00",Average,
Goregaon,Crank It! Cafe,4.8,35,"B/204, behind Mastermind 3, next to Moroccan Apts, Royal Palms Estate, Aarey Colony, Goregaon, Mumbai, Maharashtra 400063, India",19.1546649,72.8867949,168,875,? 550.00,"? 4,81,250.00",Premium,
Goregaon,Starbucks,4.3,2473,"Oberoi Garden City, Oberoi Mall, G1 & G2, near International Business Park, Goregaon, Mumbai, Maharashtra 400063, India",19.1740458,72.8604875,10633.9,61825,? 350.00,"? 2,16,38,750.00",Popular,
Goregaon,Olive Bistro,4.1,2243,"Third Floor, Oberoi Mall General AK Vidya Marg, Western Urban Rd, Yashodham, Goregaon, Mumbai, Maharashtra 400063, India",19.1741077,72.8606026,9196.3,56075,? 350.00,"? 1,96,26,250.00",Popular,
Goregaon,Coffee By Di Bella Exclusive Malad,4.2,1581,"Movie Time Cinema, Shop 3, Ground Floor, A-2 Wing Jagdamba Commercial Complex, New Link Rd, Kanchpada, Malad West, Mumbai, Maharashtra 400064, India",19.1891593,72.8346764,6640.2,39525,? 350.00,"? 1,38,33,750.00",Popular,
Goregaon,Poetry by Love and Cheesecake,4.5,117,"Oberoi Mall, Yashodham, Goregaon, Mumbai, Maharashtra 400063, India",19.173808,72.8605943,526.5,2925,? 450.00,"? 13,16,250.00",Premium,
Goregaon,Third Wave Coffee,5,149,"Shop Unit No. 8, Ekta Tripolis, Siddharth Nagar Rd, Motilal Nagar I, Goregaon West, Mumbai, Maharashtra 400104, India",19.1543743,72.8434158,745,3725,? 550.00,"? 20,48,750.00",Premium,
Goregaon,Cafe Dlite,4,75,"5, Tirupati Udyog, I. B. Patel Road, Off, Western Urban Rd, Unnat Nagar, Jay Prakash Nagar, Goregaon, Mumbai, Maharashtra 400063, India",19.161906,72.8574014,300,1875,? 350.00,"? 6,56,250.00",Popular,
Goregaon,Starbucks,4.2,877,"GF, Lobby Commerz 2, International Business Park, near Western Urban Road, Yashodham, Goregaon, Mumbai, Maharashtra 400063, India",19.1715971,72.8603234,3683.4,21925,? 350.00,"? 76,73,750.00",Popular,
Goregaon,Sufi Irani Cafe,4.3,397,"5V95+VMX, Dudhsagar Society, Aarey Colony, Goregaon, Mumbai, Maharashtra 400063, India",19.1697272,72.8592329,1707.1,9925,? 350.00,"? 34,73,750.00",Popular,
Goregaon,Slay Coffee,3.6,38,"Shop 36, Virwani Industrial Estate, Western Urban Rd, Hanuman Tekdi, Goregaon West, Mumbai, Maharashtra 400063, India",19.1713342,72.8572712,136.8,950,? 350.00,"? 3,32,500.00",Average,
Goregaon,Caf?? Coffee Day,4.1,686,"D-2, CHS Limited, Shop No.14 & 15, Satellite Garden Phase 2, Azad Nagar, Gokuldham Colony, Goregaon, Mumbai, Maharashtra 400063, India",19.1731413,72.8738393,2812.6,17150,? 350.00,"? 60,02,500.00",Popular,
Goregaon,Goregaon SOCIAL,4.1,4463,"Oberoi Mall, Western Urban Rd, Yashodham, Goregaon, Mumbai, Maharashtra 400063, India",19.173808,72.8605943,18298.3,111575,? 350.00,"? 3,90,51,250.00",Popular,
Goregaon,Caf?? IDlish Goregaon,4.1,639,"4S Mini Madras Cafe, Gokuldham Shopping Centre, 10, Aba Karmarkar Rd, near Royal Challenge Restaurant, Yashodham, Goregaon, Mumbai, Maharashtra 400063, India",19.1742706,72.8633193,2619.9,15975,? 350.00,"? 55,91,250.00",Popular,
Goregaon,The Homemade Cafe,4.3,1780,"Shop No. 4, 41, kaveri Building, Near, Oshiwara Police Station Rd, Anand Nagar, Andheri West, Mumbai, Maharashtra 400102, India",19.1495433,72.8316975,7654,44500,? 350.00,"? 1,55,75,000.00",Popular,
Goregaon,The C Spot Cafe,4.7,308,"Shop no 15, Building no 4, ONGC Colony, off Krishna Chandra Marg, beside candies, Reclamation, Bandra West, Mumbai, Maharashtra 400050, India",19.1509744,72.8356675,1447.6,7700,? 550.00,"? 42,35,000.00",Premium,
Goregaon,Aromas Cafe & Bistro,4.2,1373,"Shop no-13/14/19, Beside Oshiwara police station, Ground floor, Oshiwara link plaza, Mhada Colony, Andheri West, Mumbai, Maharashtra 400102, India",19.1482221,72.8315771,5766.6,34325,? 350.00,"? 1,20,13,750.00",Popular,
Goregaon,Garden Alfresco,4.6,105,"4/277 I B Patel Road, Pahadi Rd, behind H.P. Petrol Pump Village, Goregaon, Mumbai, Maharashtra 400063, India",19.1622907,72.8571054,483,2625,? 450.00,"? 11,81,250.00",Premium,
Goregaon,Cafe Sadar Fa,4.1,141,"New Link Rd, Azad Nagar, Colony No 2, Laxmi Nagar, Goregaon West, Mumbai, Maharashtra 400104, India",19.1597887,72.834868,578.1,3525,? 350.00,"? 12,33,750.00",Popular,
Goregaon,The Burrow Cafe,4.1,1473,"Shop 10, 11, 12, Springfield 1, Sunder Ln, Malad, Orlem, Malad West, Mumbai, Maharashtra 400064, India",19.1939738,72.8379641,6039.3,36825,? 350.00,"? 1,28,88,750.00",Popular,
Goregaon,Third Wave Coffee,4.7,1110,"Ground floor, Green Ville CHS, opposite Samarth Vaibhav, Lokhandwala Complex, Andheri West, Mumbai, Maharashtra 400053, India",19.1466111,72.828695,5217,27750,? 550.00,"? 1,52,62,500.00",Premium,
Goregaon,Cococart & Cafe (Oberoi Mall),4.6,443,"Oberoi Mall, Western Urban Rd, Yashodham, Goregaon, Mumbai, Maharashtra 400063, India",19.1738205,72.8610877,2037.8,11075,? 450.00,"? 49,83,750.00",Premium,
Goregaon,White House Cafe,4.5,224,"Shop no 09, rakhsha hospital, near Atharva college, Malad, Charkop Naka, Asmita Jyoti Housing Society, Malad West, Mumbai, Maharashtra 400095, India",19.1966639,72.8273895,1008,5600,? 450.00,"? 25,20,000.00",Premium,
Goregaon,Love & Latte Malad,4.1,2739,"Ground Flr, INTERFACE-11, MDP Rd, behind New Infiniti Mall, off New Link Road, Malad, Mindspace, Malad West, Mumbai, Maharashtra 400064, India",19.1858849,72.83024,11229.9,68475,? 350.00,"? 2,39,66,250.00",Popular,
Goregaon,August Cafe,4.3,2144,"A-3, Sastri Nagar Rd, Sundervan Complex, Shastri Nagar, Andheri West, Mumbai, Maharashtra 400053, India",19.137403,72.8270394,9219.2,53600,? 350.00,"? 1,87,60,000.00",Popular,
Goregaon,The Nature Bar - Goregaon,4.6,28,"Yashodham, Goregaon, Mumbai, Maharashtra 400063, India",19.1743827,72.8634762,128.8,700,? 450.00,"? 3,15,000.00",Premium,
Goregaon,Tea Pea Caf?? | Best Cafe in Malad | Goregaon,4.2,400,"Shop No.1, Corporate Corner, near Dalmia College, Mandlik Nagar, Sunder Nagar, Malad West, Mumbai, Maharashtra 400104, India",19.1770958,72.8420853,1680,10000,? 350.00,"? 35,00,000.00",Popular,
Goregaon,L'ttle Miss Cafe,4.5,2,"Bungalow no. 114, Smokey & Charlie, Lane No. 1, opposite planet cast, Royal Palms Estate, Aarey Colony, Goregaon, Mumbai, Maharashtra 400065, India",19.1508748,72.8873801,9,50,? 450.00,"? 22,500.00",Premium,
Goregaon,Kitchen Garden by Suzette Oberoi Mall,4.2,191,"Unit No 07, 2nd Floor, Oberoi Mall, off Western Urban Road, Yashodham, Goregaon, Mumbai, Maharashtra 400063, India",19.173808,72.8605943,802.2,4775,? 350.00,"? 16,71,250.00",Popular,
Goregaon,"Cafe Delhi Heights, Inorbit Mall, Malad",3.6,242,"Unit No. 1, Second Floor, Inorbit Mall, New Link Rd, Malad, Malad West, Mumbai, Maharashtra 400064, India",19.1730397,72.8358951,871.2,6050,? 350.00,"? 21,17,500.00",Average,
Goregaon,Fleur Restaurant - The Fern Hotel Goregaon,4.1,1190,"4/277, IB Patel Rd, Behind H.P Petrol, Jay Prakash Nagar, Goregaon, Mumbai, Maharashtra 400063, India",19.1622156,72.8571385,4879,29750,? 350.00,"? 1,04,12,500.00",Popular,
Goregaon,Third Wave Coffee,4.8,1114,"RUNWAL GREENS, Shop No G 40 and G 41, R-Galleria, Mulund - Goregaon Link Rd, Mulund West, Mumbai, Maharashtra 400078, India",19.1608228,72.9453872,5347.2,27850,? 550.00,"? 1,53,17,500.00",Premium,
Goregaon,Trupti's kitchen,5,1,"Anamika (A-52), Sai Rd, Gokuldham Colony, Goregaon, Mumbai, Maharashtra 400063, India",19.1710245,72.869128,5,25,? 550.00,"? 13,750.00",Premium,
Goregaon,Starbucks,4,294,"Lobby, NESCO IT Park, Ram Mandir Rd, NESCO, Goregaon, Mumbai, Maharashtra 400063, India",19.1525918,72.8559308,1176,7350,? 350.00,"? 25,72,500.00",Popular,
Goregaon,The Brew Cafe - Thakur Village,4.5,39,"Shop no: 1, Viceroy Court, Kandivali, Dattani Park, Thakur Village, Kandivali East, Mumbai, Maharashtra 400101, India",19.2135535,72.8726324,175.5,975,? 450.00,"? 4,38,750.00",Premium,
Goregaon,Kruti Coffee Oshiwara,4.7,242,"Plot R, Ekdant Society, 13, Bhau Tatoba Toraskar Marg, near Ganapati Temple, Oshiwara, Andheri West, Mumbai, Maharashtra 400053, India",19.1502813,72.8318059,1137.4,6050,? 550.00,"? 33,27,500.00",Premium,
Goregaon,Cafe Recess,4.8,17,"Shop no 10, Jaibhavani CHS, Satellite Garden Phase 2, A wing, Aarey Bhaskar Rd, Azad Nagar, Gokuldham Colony, Goregaon, Mumbai, Maharashtra 400063, India",19.1721562,72.8734871,81.6,425,? 550.00,"? 2,33,750.00",Premium,
Goregaon,TeaZahn,4.5,319,"Shop No. 4, Ashoka Palace, Malad, Matanpur Nagar, Malad East, Mumbai, Maharashtra 400097, India",19.1818302,72.8533363,1435.5,7975,? 450.00,"? 35,88,750.00",Premium,
Goregaon,Coffee Connect Food Pvt Ltd,4.2,103,"Ground Floor, Anushka Building, Coffee Connect , Shop No 03, Opp, Oshiwara Police Station Rd, Jogeshwari West, Mumbai, Maharashtra 400047, India",19.1471107,72.8310405,432.6,2575,? 350.00,"? 9,01,250.00",Popular,
Goregaon,KCROASTERS By Koinonia,4.7,21,"Gate 3, NESCO Center, NESCO IT 4 lobby, Goregaon, Mumbai, Maharashtra 400063, India",19.1521959,72.8545815,98.7,525,? 550.00,"? 2,88,750.00",Premium,
Goregaon,Star cafe,4,46,"ground floor,orchard mall 400065, Royal Palms, Aarey Colony, Goregaon, Mumbai, Maharashtra 400065, India",19.1530154,72.884373,184,1150,? 350.00,"? 4,02,500.00",Popular,
Goregaon,Shakey Wakey Oshiwara,4.3,212,"Shop no 1 building no 12 , ground floor , Lotus CHS Ltd, Mumbai, Maharashtra 400053, India",19.1494453,72.8312448,911.6,5300,? 350.00,"? 18,55,000.00",Popular,
Goregaon,Retaliate Gaming Cafe,4.8,122,"2/16, First floor back side, 3, Mahatma Gandhi Rd, Unnat Nagar, Goregaon West, Mumbai, Maharashtra 400104, India",19.16329,72.8414581,585.6,3050,? 550.00,"? 16,77,500.00",Premium,
Goregaon,DinshawÉ??s Xpress Cafe,4.1,958,"Shop No.6, Windermere, New Link Rd, off Oshiwara, Mhada Colony, Andheri West, Mumbai, Maharashtra 400053, India",19.1525282,72.8312724,3927.8,23950,? 350.00,"? 83,82,500.00",Popular,
Goregaon,Starbucks,4.3,1794,"Ground Floor, New Link Rd, Malad, Malad West, Mumbai, Maharashtra 400064, India",19.172647,72.835403,7714.2,44850,? 350.00,"? 1,56,97,500.00",Popular,
Goregaon,Tea Post,2.9,19,"Ground Floor, Building No. 4, Nesco Pvt Ltd, North C-wing, Western Urban Rd, inside Food court, Goregaon, Mumbai, India",19.152671,72.8548014,55.1,475,? 350.00,"? 1,66,250.00",Average,
Goregaon,Pair A Dice Cafe,4.2,1199,"1st Floor, Link Plaza Commercial Complex, 53, above Fire Bowl Restaurant, Andheri West, Mumbai, Maharashtra 400102, India",19.148246,72.8315773,5035.8,29975,? 350.00,"? 1,04,91,250.00",Popular,
Goregaon,Coffee King,3.9,1058,"Mind Space, Malad, Mindspace, Malad West, Mumbai, Maharashtra 400064, India",19.1789871,72.8356238,4126.2,26450,? 350.00,"? 92,57,500.00",Average,
Goregaon,DAILY TRIP CAFE,4.9,49,"SHOP NO 29, Link Plaza Commercial Complex, near Om Heera Panna Mall, Mhada Colony, Andheri West, Mumbai, Maharashtra 400053, India",19.1487924,72.8320241,240.1,1225,? 550.00,"? 6,73,750.00",Premium,
Goregaon,Blue Tokai Coffee Roasters | Malad West,4.4,188,"Shop No 6, Ground Floor, Raj Infinia, Khandelwal Layout, Evershine Nagar, Malad West, Mumbai, Maharashtra 400064, India",19.189025,72.833951,827.2,4700,? 450.00,"? 21,15,000.00",Popular,
Goregaon,Mamma's cafe,4.4,7,"bus stand, Aarey Rd, behind Peru bag, Peru Baug, Churi Wadi, Goregaon West, Mumbai, Maharashtra 400063, India",19.1663831,72.8529056,30.8,175,? 450.00,"? 78,750.00",Popular,
Borivali,Kaffeine: Cafe & Kitchen,4.2,1948,"Shop No 1, Ground & First Floor, Sakshat, Navkar Paradise, Shimpoli Rd, opp. Mega Party Hall, Mini Zaveri Bazaar, Mhatre Wadi, Borivali West, Mumbai, Maharashtra 400092, India",19.2237371,72.851816,8181.6,48700,? 350.00,"? 1,70,45,000.00",Popular,
Borivali,Third Wave Coffee,4.8,1677,"Final Plot No 90, B Wing, Shop No 4-5, Ground Floor, Floor, Emerald, Roshan Nagar, Borivali West, Mumbai, Maharashtra 400092, India",19.2321293,72.8526871,8049.6,41925,? 550.00,"? 2,30,58,750.00",Premium,
Borivali,CAFE METER ON,4.3,1001,"Shop No 3, Meghkamal CHS, opp. IDFC Bank, I C Colony, Borivali West, Mumbai, Maharashtra 400103, India",19.2497644,72.8490209,4304.3,25025,? 350.00,"? 87,58,750.00",Popular,
Borivali,Blue Tokai Coffee Roasters | Borivali West,4.6,166,"Shop No 3, Ground Floor, TG School, Chikuwadi Rd, next to Phoenix Hospital, Padma Nagar, Borivali, Mumbai, Maharashtra 400092, India",19.218459,72.838132,763.6,4150,? 450.00,"? 18,67,500.00",Premium,
Borivali,Village Side Cafe,4,305,"Village Side Cafe, Kutchi Sarvoday Trust Ground, nr. Pixcy Kennel, Yogi Nagar Marg, Yogi Nagar, Mumbai, Maharashtra 400092, India",19.2361674,72.8374952,1220,7625,? 350.00,"? 26,68,750.00",Popular,
Borivali,Third Wave Coffee,4.8,673,"Shop no 213, Ground Floor, Bhattad Tower, RM Bhattad Rd, opposite Kora Kendra Ground 2, Dalvi Nagar, Borivali West, Mumbai, Maharashtra 400092, India",19.2206104,72.8500124,3230.4,16825,? 550.00,"? 92,53,750.00",Premium,
Borivali,Cafe Pibatie,4.4,626,"shop no:1, Avanti B CHS, Shimpoli Rd, Haridas Nagar, Borivali West, Mumbai, Maharashtra 400092, India",19.2215722,72.8476953,2754.4,15650,? 450.00,"? 70,42,500.00",Popular,
Borivali,Gosssip Corner,4.2,2009,"Shop no.1, Ekta Elegance, New Link Rd, opposite Eskay Club, Yogi Nagar, Borivali West, Mumbai, Maharashtra 400091, India",19.2393048,72.8426844,8437.8,50225,? 350.00,"? 1,75,78,750.00",Popular,
Borivali,Gigil Brasserie ..... The Food Lovers cafe,4.2,1536,"RM Bhattad Rd, Dalvi Nagar, Borivali West, Mumbai, Maharashtra 400092, India",19.2206707,72.8502919,6451.2,38400,? 350.00,"? 1,34,40,000.00",Popular,
Borivali,Tea Pea Caf?? | Best Cafe in Borivali,4,2072,"Shop 2, Dama Villa, Kalpana Chawla Chowk, near Kora Kendra Ground 2, Haridas Nagar, Borivali West, Mumbai, Maharashtra 400092, India",19.2204612,72.8477259,8288,51800,? 350.00,"? 1,81,30,000.00",Popular,
Borivali,Bustle - At the rooftop,4,1648,"7th floor, Tanishq showroom, Vini Elegance, L.T. Rd, Mini Zaveri Bazaar, Mhatre Wadi, Borivali, Mumbai, Maharashtra 400092, India",19.2284541,72.8526631,6592,41200,? 350.00,"? 1,44,20,000.00",Popular,
Borivali,Panchayat- The Kulhad cafe(Borivali West),4.4,501,"Shop No. 1, Avanti, Soni Paradise C.H.S. Ltd., Shimpoli Rd, Haridas Nagar, Borivali West, Mumbai, Maharashtra 400092, India",19.2212995,72.8477288,2204.4,12525,? 450.00,"? 56,36,250.00",Popular,
Borivali,Blabber All Day,4.2,2721,"Esspee Tower, Dattapada Rd, Ekta Bhoomi Gardens III, Food Corporation of India Warehouse, Borivali East, Mumbai, Maharashtra 400066, India",19.2209812,72.8621174,11428.2,68025,? 350.00,"? 2,38,08,750.00",Popular,
Borivali,The Chocolate Heaven,4,2993,"Shop No. 7, Silver Arch, CHS, Kalpana Chawla Chowk, opp. Sony Tower, Ram Nagar, Sheetal Co-op Housing Society, Borivali West, Mumbai, Maharashtra 400092, India",19.2200295,72.8480317,11972,74825,? 350.00,"? 2,61,88,750.00",Popular,
Borivali,Starbucks,4.4,3062,"Shop No 3 & 4, Gr Flr, The Corner Bldg Devidas Lane, Road, opposite Eskay Resort, Eksar, Borivali West, Mumbai, Maharashtra 400103, India",19.241683,72.844861,13472.8,76550,? 450.00,"? 3,44,47,500.00",Popular,
Borivali,Bombay Cycle Cafe,4.7,361,"Shop no 3, Churchway building, next to Churchway fruits and vegetables, I C Colony, C Colony, Borivali West, Mumbai, Maharashtra 400103, India",19.2464572,72.8511367,1696.7,9025,? 550.00,"? 49,63,750.00",Premium,
Borivali,Dinshaw's Xpress Cafe Khimani Hospitality,4.1,1323,"Shop Number 2, Ground Floor jitnedra bhavan CHS LTD.punjabi lane, L.T. Rd, Borivali West, Mumbai, Maharashtra 400092, India",19.2295674,72.8526053,5424.3,33075,? 350.00,"? 1,15,76,250.00",Popular,
Borivali,Terreza Cafe and Bar,4.2,235,"4th floor, The Hub link, New Link Rd, opposite Shanti Ashram Signal, Eksar Village, Eksar, Borivali West, Mumbai, Maharashtra 400103, India",19.2427311,72.8447915,987,5875,? 350.00,"? 20,56,250.00",Popular,
Borivali,"Blue Tokai Coffee Roasters | IC Colony, Borivali",4.4,115,"Shop No 2, Gound Floor, Acropolis Apartment, Laxman Mhatre Rd, I C Colony, Marian Colony, Borivali West, Mumbai, Maharashtra 400103, India",19.248138,72.853432,506,2875,? 450.00,"? 12,93,750.00",Popular,
Borivali,The Fusion Kitchen,4.4,6031,"Shop no 1, Holy Cross Rd, opp. Veda Apartment, I C Colony, Kandarpada, Borivali West, Mumbai, Maharashtra 400103, India",19.2546402,72.8490824,26536.4,150775,? 450.00,"? 6,78,48,750.00",Popular,
Borivali,BHAJIYAWALA & CO.,4.8,2029,"Bhattad Tower, 08, GF, RM Bhattad Rd, opp. KORAKENDRA GROUND, Borivali, W, Maharashtra 400092, India",19.2207579,72.8501863,9739.2,50725,? 550.00,"? 2,78,98,750.00",Premium,
Borivali,Oriv Resto Cafee Bar,4.2,1622,"Metro Line, Starbucks Coffee, Near Eksar Metro Station, 2A Besides, New Link Rd, near Lotus Multispeciality Hospital, Eksar, Borivali West, Mumbai, Maharashtra 400091, India",19.2420414,72.8450635,6812.4,40550,? 350.00,"? 1,41,92,500.00",Popular,
Borivali,Tea Pea Cafe |,4.1,1216,"Shop No. 10, Avirahi Homes, New Link Rd, B Wing, I C Colony, Borivali West, Mumbai, Maharashtra 400103, India",19.2505791,72.846293,4985.6,30400,? 350.00,"? 1,06,40,000.00",Popular,
Borivali,Coffee King,4.3,235,"Shop no.2&3, Avirahi Homes, IC Colony Ext, I C Colony, Borivali West, Mumbai, Maharashtra 400103, India",19.2508225,72.8462333,1010.5,5875,? 350.00,"? 20,56,250.00",Popular,
Borivali,Chai Chulha- Mumbai - (Borivali -East),4.9,156,"Shop No. 1, Manohar Niwas, Kasturba Road No. 1, opposite Kasturba Police Station, Borivali East, Mumbai, Maharashtra 400066, India",19.2280981,72.8581898,764.4,3900,? 550.00,"? 21,45,000.00",Premium,
Borivali,Third Wave Coffee,4.7,1380,"Shop No 2C, Ground Floor, V-Souk, Sai Baba Extension Road, Mahavir Nagar Kandivali West, opposite Sachin Tendulkar Sports Club, Borivali West, Mumbai, Maharashtra 400092, India",19.2133174,72.8422609,6486,34500,? 550.00,"? 1,89,75,000.00",Premium,
Borivali,MASTEE Pure Veg restaurant in Borivali,4.1,4966,"Shop 4, Ground Floor, A, Telephone Exchange, AHCL HOMES, New Link Rd, opposite Shimpoli, Shimpoli, Borivali, Mumbai, Maharashtra 400092, India",19.2236559,72.8411619,20360.6,124150,? 350.00,"? 4,34,52,500.00",Popular,
Borivali,312House,4.5,483,"IC Colony Cross Rd Number 4, Devki Nagar, Borivali West, Mumbai, Maharashtra 400103, India",19.2427654,72.8458587,2173.5,12075,? 450.00,"? 54,33,750.00",Premium,
Borivali,Coffee Craft,4.6,619,"Outside Bhavdevi Compound, New Link Rd, Kandarpada, Dahisar West, Mumbai, Maharashtra 400068, India",19.2548934,72.8489516,2847.4,15475,? 450.00,"? 69,63,750.00",Premium,
Borivali,The Peace Story,4.1,540,"4th Floor, Sun Plaza, L.T. Rd, opp. Diamond Talkies, Gyan Nagar, Mhatre Wadi, Borivali West, Mumbai, Maharashtra 400091, India",19.2285588,72.8546646,2214,13500,? 350.00,"? 47,25,000.00",Popular,
Borivali,Helly and Chilly Cafe The white wolf cafe,4.5,67,"Shop no. 13A, Shripal Nagar, opp. Malpani ground, Satya Nagar, Borivali West, Mumbai, Maharashtra 400092, India",19.2180186,72.8421611,301.5,1675,? 450.00,"? 7,53,750.00",Premium,
Borivali,Love & Latte Borivali,4.8,101,"Shop No 4, Ground Floor, TG School, Chikuwadi Rd, next to Phoenix Hospital, Padma Nagar, Borivali, Mumbai, Maharashtra 400092, India",19.2181333,72.8381314,484.8,2525,? 550.00,"? 13,88,750.00",Premium,
Borivali,The Chai Fusion,4,205,"New Link Rd, I C Colony, Borivali West, Mumbai, Maharashtra 400103, India",19.2503717,72.8460588,820,5125,? 350.00,"? 17,93,750.00",Popular,
Borivali,Torque Cafe,4.7,57,"Shop No. 6, Amita Apartment, Kasturba, Rd Number 5, Chinchpada, Borivali East, Mumbai, Maharashtra 400066, India",19.2298965,72.8620841,267.9,1425,? 550.00,"? 7,83,750.00",Premium,
Borivali,Vividh NX Bar & Cafe Modern World Cuisine,4.2,2109,"Shop No. 1, Gayatri Shivam Apartment Western Express Highway Service Road Opp. Carnival Cinema, Kandivali East, Mumbai, Maharashtra 400101, India",19.2147272,72.8672166,8857.8,52725,? 350.00,"? 1,84,53,750.00",Popular,
Borivali,Chaayos Cafe at Borivali,4.1,57,"Unit No 1, Rishab Raj Suraj 2, Shimpoli Rd, Rameshwar Darshan CHS, Babhai Naka, Borivali West, Mumbai, Maharashtra 400092, India",19.2240911,72.8463239,233.7,1425,? 350.00,"? 4,98,750.00",Popular,
Borivali,Cafe Delight Family Restaurant (Borivali East),4.2,317,"6VJ5+HX5, Mahatma Gandhi Rd, opposite S.T. Depot, Chinchpada, Borivali East, Mumbai, Maharashtra 400066, India",19.2313478,72.8599819,1331.4,7925,? 350.00,"? 27,73,750.00",Popular,
Borivali,Barista - Borivali,4.4,40,"Greenwood Complex, New Link Rd, near Metro Station Shimpoli, Shimpoli, Borivali, Mumbai, Maharashtra 400092, India",19.2233521,72.8410614,176,1000,? 450.00,"? 4,50,000.00",Popular,
Borivali,Signature Premium Cafe & Resto,4.4,26,"Shop no. 14, B-NO. 6B, Mandpeshwar Civic Federation Udyan Marg, Prem Nagar, Borivali West, Mumbai, Maharashtra 400092, India",19.2369423,72.8537108,114.4,650,? 450.00,"? 2,92,500.00",Popular,
Borivali,Lotus Leaf,4.2,308,"ESKAY RESORTS, Off Link Road, Eksar Village, Eksar, Borivali West, Mumbai, Maharashtra 400091, India",19.239962,72.8392695,1293.6,7700,? 350.00,"? 26,95,000.00",Popular,
Borivali,"TAVOLA FINE DINE,BAR , DIESEL CAFE",4,1861,"2, next to Sai star cable, Thakur Village, Kandivali East, Mumbai, Maharashtra 400101, India",19.2149134,72.8682824,7444,46525,? 350.00,"? 1,62,83,750.00",Popular,
Borivali,Nuvola Cafe,4.9,40,"Shop No. 8, Soni Paradise C.H.S. Ltd., Om Shivam Premises, Shimpoli Rd, Haridas Nagar, Borivali West, Mumbai, Maharashtra 400092, India",19.2224565,72.849232,196,1000,? 550.00,"? 5,50,000.00",Premium,
Borivali,My Story Cafe,5,46,"New Link Rd, Shimpoli, Borivali West, Mumbai, Maharashtra 400092, India",19.2225913,72.8411619,230,1150,? 550.00,"? 6,32,500.00",Premium,
Borivali,Quartz Cave - Restobar Banquets Lounge,3.8,1399,"Annex Mall, Western Urban Rd, Siddharth Nagar, Borivali East, Mumbai, Maharashtra 400092, India",19.2154979,72.868079,5316.2,34975,? 350.00,"? 1,22,41,250.00",Average,
Borivali,Farmhouse Palladium Rest-O-Bar,4.2,3345,"I C Colony, Borivali, Mumbai, Maharashtra 400103, India",19.2499985,72.8479118,14049,83625,? 350.00,"? 2,92,68,750.00",Popular,
Borivali,Bombay Eatery,3.7,849,"Railway Station, 4th Floor, Thakkar shopping Center, Opposite Borivali, Swami Vivekananda Rd, Borivali West, Mumbai, Maharashtra 400092, India",19.2276929,72.8552865,3141.3,21225,? 350.00,"? 74,28,750.00",Average,
Borivali,Magari,4.2,1155,"Siddhivinayak CHS, 86/853, Petrol pump lane, Kandivali, Mahavir Nagar, Kandivali West, Mumbai, Maharashtra 400067, India",19.2134448,72.8380641,4851,28875,? 350.00,"? 1,01,06,250.00",Popular,
Borivali,Borivali AC Waiting Lounge and Restaurant,4.4,281,"Platform No. 10, BORIVALI RAILWAY STATION, Chinchpada, E, Mumbai, Maharashtra 400066, India",19.2288362,72.8573196,1236.4,7025,? 450.00,"? 31,61,250.00",Popular,
Borivali,Farmhouse Brass Anchor,4.1,2216,"Ground Floor, Jamuna Darshan Building, Natakwala Lane, opposite Shimpoli Road, Mumbai, Maharashtra 400092, India",19.2229284,72.8545453,9085.6,55400,? 350.00,"? 1,93,90,000.00",Popular,
Borivali,The Betel House,4.6,17,"Shop No 2, Visamo Building, TPS Rd, opp. Veer Savarkar Garden, Babhai Naka, Borivali West, Mumbai, Maharashtra 400092, India",19.2275189,72.849494,78.2,425,? 450.00,"? 1,91,250.00",Premium,
Borivali,Madrasi Kaapi House - I C Colony,4.2,147,"Shop No.4, A1, CHS LTD, Audumber Chhaya, I C Colony, Borivali West, Mumbai, Maharashtra 400103, India",19.245399,72.8509395,617.4,3675,? 350.00,"? 12,86,250.00",Popular,
Borivali,Ek Batta Do,4.4,213,"Do, 7, Shiv Darshan, Ek Batta, Shimpoli Rd, near Veg Treat, Kastur Park, Borivali West, Mumbai, Maharashtra 400092, India",19.2224055,72.8480505,937.2,5325,? 450.00,"? 23,96,250.00",Popular,
Borivali,TeaMax Cafe Borivali West Mumbai,4.8,19,"Shreepal Building, SHRIPAL BUILDING, Shop no.13 A, opp. Malpani ground, Satya Nagar, Borivali West, Mumbai, Maharashtra 400092, India",19.2179644,72.8422578,91.2,475,? 550.00,"? 2,61,250.00",Premium,
Borivali,The London Shakes,4.1,235,"Shop no 9, Shroff Tower, Sodawala Ln, opposite Croma, Borivali West, Mumbai, Maharashtra 400092, India",19.234054,72.8534245,963.5,5875,? 350.00,"? 20,56,250.00",Popular,
Borivali,Dessert Junction Borivali,4.2,1036,"Shop no 8, Natraj Cooperative Housing Society, Ramdas Sutrale Marg, near Tata Croma, Himmat Nagar, Borivali West, Mumbai, Maharashtra 400092, India",19.2338145,72.8538209,4351.2,25900,? 350.00,"? 90,65,000.00",Popular,
Borivali,First We Vibe Cafe,4.5,34,"Metro Station Ic Colony, Avirahi Homes, 8, New Link Rd, near mandapeshwar, B Wing, I C Colony, Borivali West, Mumbai, Maharashtra 400103, India",19.2506481,72.8462292,153,850,? 450.00,"? 3,82,500.00",Premium,
Borivali,Cream Lounge,4.6,390,"Shop No.5, Brindavan Apartments, Besides Aura Veg Restaurant, Juncton Of Link Road, &, Yogi Nagar Marg, Yogi Nagar, Borivali West, Mumbai, Maharashtra 400091, India",19.2349045,72.8409942,1794,9750,? 450.00,"? 43,87,500.00",Premium,
Borivali,Banana Leaf Restaurant borivali,4.2,9310,"Ground Floor Aditya Building, Gala No. 1 to, 8, New Link Rd, Shimpoli, Borivali West, Mumbai, Maharashtra 400092, India",19.2205085,72.8411486,39102,232750,? 350.00,"? 8,14,62,500.00",Popular,
Borivali,The mocktail club,4.9,13,"Shop no 10 plot no 66 sai, Gharkul CHS, opp. pepsi ground, near dr pillai global academy, Amrut Co-Operative Housing Society, Gorai 2, Borivali West, Mumbai, Maharashtra 400092, India",19.2311822,72.8248137,63.7,325,? 550.00,"? 1,78,750.00",Premium,
Borivali,The Basil Cafe,4.7,34,"Shop number: 1, LTD, Rajkamal CHS, 92, Yogi Nagar Marg, near Gossip restaurant, Yogi Nagar, Borivali West, Mumbai, Maharashtra 400092, India",19.2349076,72.8448165,159.8,850,? 550.00,"? 4,67,500.00",Premium,
Kurla,Coffee Culture,4.1,1240,"Shop 38 - 39, Lal Bahadur Shastri Marg, Kamani, Kurla West, Kurla, Mumbai, Maharashtra 400070, India",19.0865484,72.8897354,5084,31000,? 350.00,"? 1,08,50,000.00",Popular,
Kurla,PONDICH??RY CAF?? - ALL-DAY DINING,4.5,2570,"C 57, G Block BKC, Bandra Kurla Complex, Bandra East, Mumbai, Maharashtra 400051, India",19.067784,72.8689718,11565,64250,? 450.00,"? 2,89,12,500.00",Premium,
Kurla,Third Wave Coffee,4.9,420,"Equinox Tower 3, Lal Bahadur Shastri Road, Road, off BKC, Ambedkar Nagar, Kurla, Mumbai, Maharashtra 400070, India",19.0718611,72.8765556,2058,10500,? 550.00,"? 57,75,000.00",Premium,
Kurla,Cafe Flavours,4.9,94,"Shop 7, Durga Sadan, Rd Number 12, Chembur West, Tilak Nagar, Kurla, Mumbai, Maharashtra 400089, India",19.0701826,72.8981756,460.6,2350,? 550.00,"? 12,92,500.00",Premium,
Kurla,Elementaria Bakery Cafe,4.2,1556,"Shop 1, godrej jetairways building, G Block BKC, Mumbai, Maharashtra 400051, India",19.0592644,72.8646642,6535.2,38900,? 350.00,"? 1,36,15,000.00",Popular,
Kurla,The Cold Hearted,4.9,35,"Khot Chawl, Muktadevi Mandir Marg, Sarveshwar Mandir Rd, nr. Shiv Sena Shakha, Kurla West, Mumbai, Maharashtra 400070, India",19.0634038,72.8750448,171.5,875,? 550.00,"? 4,81,250.00",Premium,
Kurla,"Chaayos Cafe - Phoenix Marketcity, Kurla",4,1169,"Unit F, 43, Lal Bahadur Shastri Marg, Ashok Nagar, Kurla, Mumbai, Maharashtra 400070, India",19.0863741,72.8898363,4676,29225,? 350.00,"? 1,02,28,750.00",Popular,
Kurla,Blah!,4.2,2002,"Ground Floor, G-4, The Capital, G Block, Bandra Kurla Complex, Bandra East, Mumbai, Maharashtra 400051, India",19.0635385,72.8619669,8408.4,50050,? 350.00,"? 1,75,17,500.00",Popular,
Kurla,Cafe Delhi Heights,4.2,742,"Unit No. S-21 Second Floor, PHOENIX MARKETCITY, Mall, Lal Bahadur Shastri Marg, Kurla West, Kurla, Mumbai, Maharashtra 400070, India",19.0865814,72.8900389,3116.4,18550,? 350.00,"? 64,92,500.00",Popular,
Kurla,Steamy Mugs,4.5,2253,"Bldg No: 11, Shop No: 1, Pushpanjali CHS, next to Krushna Classes, near Sahyadri Ground, Tilak Nagar, Chembur, Mumbai, Maharashtra 400089, India",19.0701205,72.8975121,10138.5,56325,? 450.00,"? 2,53,46,250.00",Premium,
Kurla,Blue Tokai Coffee Roasters | Phoenix Marketcity Kurla,4.4,55,"Unit No UG 99, Upper Ground, PHOENIX MARKETCITY, Lal Bahadur Shastri Marg, Ashok Nagar, Kurla, Mumbai, Maharashtra 400070, India",19.0861545,72.8895199,242,1375,? 450.00,"? 6,18,750.00",Popular,
Kurla,Cafe Sahil,4.2,505,"63, Lal Bahadur Shastri Marg, Christian Gaon, Kurla West, Mumbai, Maharashtra 400070, India",19.0837345,72.8831616,2121,12625,? 350.00,"? 44,18,750.00",Popular,
Kurla,CAFE 9/10 Multicuisine Restaurant,4.8,71,"Shop No 15 Nr Vidyavihar Station, Vidyavihar West, Mumbai, Maharashtra 400070, India",19.0804533,72.8896445,340.8,1775,? 550.00,"? 9,76,250.00",Premium,
Kurla,Cafe Milan Bakery,4.2,52,"SHOP NO 3, Qureshi Nagar, Kurla, Mumbai, Maharashtra 400070, India",19.0624623,72.8766445,218.4,1300,? 350.00,"? 4,55,000.00",Popular,
Kurla,Costa Coffee,4.3,283,"Phoenix Market City, 15, Lal Bahadur Shastri Marg, Ashok Nagar, Kurla, Mumbai, Maharashtra 400072, India",19.085433,72.8876813,1216.9,7075,? 350.00,"? 24,76,250.00",Popular,
Kurla,Food Quarter,4.7,49,"Anjuman Masjid, Santacruz É?? Chembur Link Rd, near Masrani Estate service road, Kurla West, Mumbai, Maharashtra 400070, India",19.073816,72.8817193,230.3,1225,? 550.00,"? 6,73,750.00",Premium,
Kurla,Cafe Madina,4.1,646,"253, Shop No.2/ Fatima Bai Building, 3, Lal Bahadur Shastri Marg, Kurla West, Mumbai, Maharashtra 400070, India",19.0766195,72.8800737,2648.6,16150,? 350.00,"? 56,52,500.00",Popular,
Kurla,Caf?? Coffee Day,3.9,554,"Phoenix Market City, Kamani L.B.S.Marg, West, Ashok Nagar, Kurla, Mumbai, Maharashtra 400070, India",19.0866319,72.889422,2160.6,13850,? 350.00,"? 48,47,500.00",Average,
Kurla,abCoffee Art Guild Kurla,4.9,26,"Experience Center, Phoenix Marketcity, Lal Bahadur Shastri Marg, West, West, Nav Pada, Kurla, Mumbai, Maharashtra 400070, India",19.0862365,72.8901711,127.4,650,? 550.00,"? 3,57,500.00",Premium,
Kurla,Starbucks,4.4,1594,"Unit No F44, PMC Mall, Lal Bahadur Shastri Marg, Kurla West, Kurla, Mumbai, Maharashtra 400070, India",19.0866886,72.8902366,7013.6,39850,? 450.00,"? 1,79,32,500.00",Popular,
Kurla,"The Irish House, Kurla",4.3,2600,"Level 1, PHOENIX MARKETCITY, Mall, Ashok Nagar, Kurla, Mumbai, Maharashtra 400070, India",19.0863016,72.8884375,11180,65000,? 350.00,"? 2,27,50,000.00",Popular,
Kurla,Cafe & Concessionaire,4.2,49,"Phoenix Market City Mall, Lal Bahadur Shastri Marg, Kurla West, Central, Mumbai, Maharashtra 400070, India",19.0868113,72.8900642,205.8,1225,? 350.00,"? 4,28,750.00",Popular,
Kurla,La Cane Bistro - BEST CAFE IN KURLA,4.9,26,"3rd floor, la cane bistro, east point mall, Kurla Kajrolkar CHSL, Nehru Nagar, Kurla, Mumbai, Maharashtra 400024, India",19.0619468,72.8833032,127.4,650,? 550.00,"? 3,57,500.00",Premium,
Kurla,Clove Bistro,5,25,"Shop No. 2, Thakur Dham Complex, Lal Bahadur Shastri Marg, opposite Asha Petrol Pump, Kurla West, Kurla, Mumbai, Maharashtra 400070, India",19.0702333,72.8754768,125,625,? 550.00,"? 3,43,750.00",Premium,
Kurla,Amazonia,3.9,1394,"Unit No. 5, Godrej BKC, G Block BKC, Bandra Kurla Complex, Bandra East, Mumbai, Maharashtra 400051, India",19.0593768,72.8653861,5436.6,34850,? 350.00,"? 1,21,97,500.00",Average,
Kurla,Butterfly High,4.3,5139,"Unit no. 4, Ground Floor, Jet Airways Godrej BKC, G Block, next to MCA, Bandra Kurla Complex, Ban, Mumbai, Maharashtra 400051, India",19.0593718,72.8651976,22097.7,128475,? 350.00,"? 4,49,66,250.00",Popular,
Kurla,Third Wave Coffee,4.7,170,"Ground Floor, Platina, C-59, G Block, Bandra Kurla Complex, Bandra East, Mumbai, Maharashtra 400098, India",19.0683661,72.8683038,799,4250,? 550.00,"? 23,37,500.00",Premium,
Kurla,Vadapav Cafe (Food Stall),4.8,43,"Backside of Mahaveer Petrol pump, Police Station, Ganesh Baug Ln, near Kurla, Kurla West, Kurla, Mumbai, Maharashtra 400070, India",19.0653289,72.8753443,206.4,1075,? 550.00,"? 5,91,250.00",Premium,
Kurla,Chaayos Cafe at One BKC,4.1,399,"Unit C, ONE BKC, 66, G Block Rd, G Block BKC, Bandra Kurla Complex, Bandra East, Mumbai, Maharashtra 400051, India",19.0606167,72.8646928,1635.9,9975,? 350.00,"? 34,91,250.00",Popular,
Kurla,Mumbai get way of India,4.5,42,"3VGH+93R, Lower Parel, Friends Colony, Kurla West, Kurla, Mumbai, Maharashtra 400070, India",19.0759837,72.8776559,189,1050,? 450.00,"? 4,72,500.00",Premium,
Kurla,The Sassy Caf??,3.8,54,"Jio World Drive, Bandra Kurla Complex, Bandra East, Mumbai, Maharashtra 400051, India",19.0537642,72.8516735,205.2,1350,? 350.00,"? 4,72,500.00",Average,
Kurla,Persian Darbar,4.2,6129,"Shop no, Kanakia Zillion, 17, Lal Bahadur Shastri Marg, Kurla West, Kurla, Mumbai, Maharashtra 400070, India",19.0759873,72.8769336,25741.8,153225,? 350.00,"? 5,36,28,750.00",Popular,
Kurla,Cafe Amber,4.1,177,"A 63 Kismat Nagar, CST Road, Kurla West, Mumbai, Maharashtra 400070, India",19.0759474,72.874137,725.7,4425,? 350.00,"? 15,48,750.00",Popular,
Kurla,"Theobroma Bakery and Cake Shop - Bandra Kurla Complex, Mumbai",4.3,1573,"Ground Floor, BANK OF INDIA STAR AVAS, The Capital, opp. ICICI Bank, Bandra East, Mumbai, Maharashtra 400051, India",19.0631953,72.8616531,6763.9,39325,? 350.00,"? 1,37,63,750.00",Popular,
Kurla,SAZ American Brasserie,4.4,1198,"Ground Floor, Jio World Drive, MAKER MAXITY, Bandra Kurla Complex, Bandra East, Mumbai, Maharashtra 400051, India",19.0541408,72.8513518,5271.2,29950,? 450.00,"? 1,34,77,500.00",Popular,
Kurla,Ossoor coffee,4.1,47,"Seven olives hotel, Andheri - Kurla Rd, Saki Naka, Mumbai, Maharashtra 400072, India",19.098666,72.883408,192.7,1175,? 350.00,"? 4,11,250.00",Popular,
Kurla,Cafe Maharashtra,0,0,"Building No 15, Lal Bahadur Shastri Marg, Friends Colony, Kurla West, Kurla, Mumbai, Maharashtra 400070, India",19.0764477,72.8779149,0,0,? 350.00,? 0.00,Average,
Kurla,SHRI KRISHNA CHANA BHANDAR,4.4,117,"Shop no 3, majeed apartment, near karthika school, Friends Colony, Kurla West, Kurla, Mumbai, Maharashtra 400070, India",19.0764063,72.8830909,514.8,2925,? 450.00,"? 13,16,250.00",Popular,
Kurla,Hi Cafe,5,8,"3VGG+8MG, Kapadia Nagar, Kurla West, Mumbai, Maharashtra 400070, India",19.0758093,72.8766912,40,200,? 550.00,"? 1,10,000.00",Premium,
Kurla,Restaurants near me - Iranian Hub,4.8,44,"opposite Sahara hotel, near fauzia hospital, Friends Colony, Kurla West, Kurla, Mumbai, Maharashtra 400070, India",19.0773928,72.8804148,211.2,1100,? 550.00,"? 6,05,000.00",Premium,
Kurla,Cafe 7 Tea,5,17,"No 6a, Mumbai - Old Agra Rd, near fauziya hospital, Friends Colony, Kurla West, Kurla, Mumbai, Maharashtra 400070, India",19.0791414,72.88037,85,425,? 550.00,"? 2,33,750.00",Premium,
Kurla,Cafe Simply Hungry,5,11,"SARVA MANGAL CHSL, SHOP NO 7, GROUND FLOOR, BUILDING NO 15, Rd Number 12, Tilak Nagar, Kurla, Mumbai, Maharashtra 400089, India",19.0694509,72.8970718,55,275,? 550.00,"? 1,51,250.00",Premium,
Kurla,CAFE MADINA HOTEL,4.2,38,"New Mill Rd, Friends Colony, Kurla West, Kurla, Mumbai, Maharashtra 400070, India",19.0764618,72.8801006,159.6,950,? 350.00,"? 3,32,500.00",Popular,
Kurla,(Cafe Gulab) Saroj Bar and Restaurant,3.8,104,"S.G Barve Marg Buddhu Master Chawl, near Nasheman Hotel, Kurla West, Mumbai, Maharashtra 400070, India",19.0682173,72.8787051,395.2,2600,? 350.00,"? 9,10,000.00",Average,
Kurla,Vapei & store smart Mumbai,5,2,"Vape shop, Shell Colony Rd, opp. national bakery, Shramjivi Nagar, Sai Baba Nagar, Kurla, Mumbai, Maharashtra 400071, India",19.0640441,72.8958664,10,50,? 550.00,"? 27,500.00",Premium,
Kurla,The Nutcracker,4.4,617,"Jio World Drive, Bandra Kurla Complex, BKC, Mumbai, Maharashtra 400005, India",19.0536324,72.8508441,2714.8,15425,? 450.00,"? 69,41,250.00",Popular,
Kurla,Kayko Terrace Cafe,4.2,66,"2nd floor, Amul commercial society Ltd E, Rd No. 1, opp. BMC Office, Chembur Gaothan, Chembur, Mumbai, Maharashtra 400071, India",19.0612198,72.8993783,277.2,1650,? 350.00,"? 5,77,500.00",Popular,
Kurla,Cream Centre,3.8,594,"Unit F, 42 / F - 43, Lal Bahadur Shastri Marg, Ashok Nagar, Kurla, Mumbai, Maharashtra 400070, India",19.0863704,72.8899256,2257.2,14850,? 350.00,"? 51,97,500.00",Average,
Kurla,Venus,4.7,3,"Shop No 17/18, Opposite Dugad Market, Station Road, Kurla West, Mumbai - 400070, India",19.0665075,72.8779598,14.1,75,? 550.00,"? 41,250.00",Premium,
Kurla,Cafe Naaz Restaurant,3.7,103,"SG Barve Marg, Jagruti Nagar, Nehru Nagar, Kurla, Mumbai, Maharashtra 400024, India",19.0644331,72.8818191,381.1,2575,? 350.00,"? 9,01,250.00",Average,
Kurla,Cafe Lounge - Kohinoor Continental,4.1,51,"Lobby, Hotel Kohinoor Continental, Andheri - Kurla Rd, J B Nagar, Andheri East, Mumbai, Maharashtra 400059, India",19.1122676,72.8679877,209.1,1275,? 350.00,"? 4,46,250.00",Popular,
Kurla,"Poetry by Love and Cheesecake, OneBKC",3.7,54,"Unit 107, ONE BKC, G Block BKC, Bandra Kurla Complex, Bandra East, Mumbai, Maharashtra 400051, India",19.0605431,72.8652097,199.8,1350,? 350.00,"? 4,72,500.00",Average,
Kurla,MOJZA Moments With Cakes,4.9,523,"shop no 8\A, HI-Tech Co-op soc LTD, near lig colony, Vinobha Bhave Nagar, Kurla West, Mumbai, Maharashtra 400070, India",19.0714518,72.8838197,2562.7,13075,? 550.00,"? 71,91,250.00",Premium,
Kurla,Kurla chai shop,4.7,3,"3V7G+XJQ, Kurla West, Kurla, Mumbai, Maharashtra 400070, India",19.0649751,72.8765744,14.1,75,? 550.00,"? 41,250.00",Premium,
Kurla,Cst Tea & Coffee,4.2,17,"No.3, CST Road, Friends Colony, Kurla West, Kurla, Mumbai, Maharashtra 400070, India",19.075211,72.8791263,71.4,425,? 350.00,"? 1,48,750.00",Popular,
Kurla,Cafe Bostan,4.8,6,"Shop No 142, Taar Gali. 1, Ak Road, West, near Jarimari, Jarimari, Kurla, Mumbai, Maharashtra 400072, India",19.0898656,72.883242,28.8,150,? 550.00,"? 82,500.00",Premium,
Kurla,New Star Cafe,4.3,10,"Shop No. 18, Opposit Best Depot, Chunchunwala Compound, Lal Bahadur Shastri Marg, Shanti Nagar, Kurla West, Kurla, Mumbai, Maharashtra 400070, India",19.0752141,72.8770557,43,250,? 350.00,"? 87,500.00",Popular,
Kurla,Scoop Gelateria - Premium Italian Ice Cream (Gelato),4.8,79,"Shop No. 3-B, Thakur Dham Apt, Plot No. 303, Lal Bahadur Shastri Marg, Kurla West, Kurla, W, Mumbai, Maharashtra 400070, India",19.0702592,72.8756445,379.2,1975,? 550.00,"? 10,86,250.00",Premium,
Kurla,Cafe Gulshan,4,63,"BKC CST Link Rd, Kolivery Village, MMRDA Area, Bandra Kurla Complex, Santacruz East, Mumbai, Maharashtra 400098, India",19.0738631,72.8700154,252,1575,? 350.00,"? 5,51,250.00",Popular,
Kurla,Barbeque Nation Mumbai Kurla,4.3,4159,"Unit S - 49 , 50, Lal Bahadur Shastri Marg, Patelwadi.Kurla, Kurla West, Kurla, Mumbai, Maharashtra 400070, India",19.0863352,72.888984,17883.7,103975,? 350.00,"? 3,63,91,250.00",Popular,
Ghatkopar,KICK CAFE,4.3,533,"Billi Bungalow, behind Vodafone Gallery, opp. Sindhu wadi, Ghatkopar East, Mumbai, Maharashtra 400077, India",19.0768458,72.9035713,2291.9,13325,? 350.00,"? 46,63,750.00",Popular,
Ghatkopar,Backbenchers Cafeteria,4.7,1368,"Patel Chowk, RB Mehta Marg, near Neelyog Square, Saibaba Nagar, Pant Nagar, Ghatkopar East, Mumbai, Maharashtra 400077, India",19.0844003,72.9090522,6429.6,34200,? 550.00,"? 1,88,10,000.00",Premium,
Ghatkopar,Pokket cafe Ghatkopar West,3.9,357,"Shop No 15, SNDT Woman Collage, Camalane, Ghatkopar West, Mumbai, Maharashtra 400086, India",19.0841015,72.9043122,1392.3,8925,? 350.00,"? 31,23,750.00",Average,
Ghatkopar,Grandmama's Cafe - Ghatkopar,4.2,1699,"R City Mall, Ground Floor, Courtyard, Ghatkopar West, Mumbai, Maharashtra 400086, India",19.0993558,72.9163421,7135.8,42475,? 350.00,"? 1,48,66,250.00",Popular,
Ghatkopar,The Chocolate Room,4.1,2538,"Shop No. 1, Ground Floor, Vallabh Vihar, Mahatma Gandhi Rd, opp. Kotak Mahindra Bank, Rajawadi Colony, Ghatkopar East, Mumbai, Maharashtra 400077, India",19.0783825,72.9038654,10405.8,63450,? 350.00,"? 2,22,07,500.00",Popular,
Ghatkopar,Maajaamaa Cafe,4.8,127,"Shop no.8, Nand Ashish C.H.S. Ltd., Patel Chowk, RB Mehta Marg, Saibaba Nagar, Pant Nagar, Ghatkopar East, Mumbai, Maharashtra 400077, India",19.0837709,72.909148,609.6,3175,? 550.00,"? 17,46,250.00",Premium,
Ghatkopar,Tea Trails,4,491,"panchsheel bldg, B-29, Vidyabhavan Rd, opp. Vidya bhavan school, Sudarshan Society, Nath Pai Nagar, Ghatkopar East, Mumbai, Maharashtra 400077, India",19.0727236,72.9069413,1964,12275,? 350.00,"? 42,96,250.00",Popular,
Ghatkopar,Bharat Cafe,3.9,9790,"Shraddhanand Rd, opp. Ghatkopar Railway Station, Bhatwadi, Kapol wadi, Ghatkopar West, Mumbai, Maharashtra 400077, India",19.0856574,72.9073789,38181,244750,? 350.00,"? 8,56,62,500.00",Average,
Ghatkopar,Cafe Unwind by INOX R-City Ghatkopar,4.5,172,"R City Mall, Lal Bahadur Shastri Marg, Amrut Nagar, Ghatkopar West, Mumbai, Maharashtra 400086, India",19.0996607,72.9160211,774,4300,? 450.00,"? 19,35,000.00",Premium,
Ghatkopar,The Fusion Hack,4.4,101,"Surya House, ONGC Colony, Vidya Vihar East, Vidyavihar, Mumbai, Maharashtra 400086, India",19.0774491,72.8989325,444.4,2525,? 450.00,"? 11,36,250.00",Popular,
Ghatkopar,Cafebeats Ghatkopar,4,131,"Shop 2, Madhav Apartment, Jawahar Rd, Ghatkopar, Saibaba Nagar, Pant Nagar, Ghatkopar East, Mumbai, Maharashtra 400077, India",19.0846491,72.9076357,524,3275,? 350.00,"? 11,46,250.00",Popular,
Ghatkopar,Third Wave Coffee,4.8,786,"R City Mall, G 73A, Lal Bahadur Shastri Marg, Amrut Nagar, Ghatkopar West, Mumbai, Maharashtra 400086, India",19.0996976,72.9166685,3772.8,19650,? 550.00,"? 1,08,07,500.00",Premium,
Ghatkopar,Love & Latte R-City,4.5,808,"3rd, Lal Bahadur Shastri Marg, Amrut Nagar, Ghatkopar West, Mumbai, Maharashtra 400086, India",19.0999087,72.9171456,3636,20200,? 450.00,"? 90,90,000.00",Premium,
Ghatkopar,Krishna Cafe,4.3,93,"Shop No 1A Lakshminarayan ln, Mahatma Gandhi Rd, Ghatkopar East, Mumbai, Maharashtra 400077, India",19.080745,72.9043409,399.9,2325,? 350.00,"? 8,13,750.00",Popular,
Ghatkopar,Tkaf??,4.8,65,"Kailash Plaza, 14(a)(b, Vallabh Baug Ln, MHADA Colony, Pant Nagar, Ghatkopar East, Mumbai, Maharashtra 400077, India",19.0789497,72.9095796,312,1625,? 550.00,"? 8,93,750.00",Premium,
Ghatkopar,Barista - Ghatkopar,4.2,144,"shop 18,19, 20, Saidham Society, Garodia Nagar, Ghatkopar East, Mumbai, Maharashtra 400077, India",19.0745757,72.9054375,604.8,3600,? 350.00,"? 12,60,000.00",Popular,
Ghatkopar,CHAIGARAM Pocket Cafe Ghatkopar,4.6,71,"3 Parmeshwar dham, Rd Number 7, Mumbai, 77, India",19.0769444,72.9030289,326.6,1775,? 450.00,"? 7,98,750.00",Premium,
Ghatkopar,Mani's cafe,4.3,808,"Odeon Apartments, Ramnarayan Narkar Marg, Janak Kutir, MHADA Colony, Pant Nagar, Ghatkopar East, Mumbai, Maharashtra 400077, India",19.0791914,72.9086259,3474.4,20200,? 350.00,"? 70,70,000.00",Popular,
Ghatkopar,Ghatkopar Social,3.8,286,"Unit G73, Ground Floor, North Wing, R-City Mall, Lal Bahadur Shastri Marg, Amrut Nagar, Ghatkopar West, Mumbai, Maharashtra 400086, India",19.0995042,72.9166443,1086.8,7150,? 350.00,"? 25,02,500.00",Average,
Ghatkopar,The Dessert Republic?? - Ghatkopar,4,83,"7, New Happy Home Society Opp Hotel New Achija, Next to Pavillion Hotel, Khau Galli, Corner of, Tilak Rd, Ghatkopar (E, Mumbai, Maharashtra 400077, India",19.079868,72.9057519,332,2075,? 350.00,"? 7,26,250.00",Popular,
Ghatkopar,The Chocolate Heaven,3.8,185,"Shop No. 7&8, Savani Apartments, Junction, Mahatma Gandhi Rd, Raja Wadi, Maheshwar Nagar, Rajawadi Colony, Ghatkopar East, Mumbai, Maharashtra 400077, India",19.0789555,72.9042572,703,4625,? 350.00,"? 16,18,750.00",Average,
Ghatkopar,Monopoly Ghatkopar,4.2,91,"Shop No. 2, Ground Floor, Vallabh Vihar Building, Mahatma Gandhi Rd, opp. Kotak Mahindra Bank, Rajawadi Colony, Ghatkopar East, Mumbai, Maharashtra 400077, India",19.0785084,72.9038911,382.2,2275,? 350.00,"? 7,96,250.00",Popular,
Ghatkopar,CocoCart & CocoCafe R-City,4.7,130,"R City Mall, TF 08 & 09, 3rd Floor, Ghatkopar West, Mumbai, Maharashtra 400086, India",19.0993558,72.9163421,611,3250,? 550.00,"? 17,87,500.00",Premium,
Ghatkopar,Steamy Mugs,4.5,2253,"Bldg No: 11, Shop No: 1, Pushpanjali CHS, next to Krushna Classes, near Sahyadri Ground, Tilak Nagar, Chembur, Mumbai, Maharashtra 400089, India",19.0701205,72.8975121,10138.5,56325,? 450.00,"? 2,53,46,250.00",Premium,
Ghatkopar,We Wake Kaffee,4.2,17,"Vikrant Circle, Tilak Rd, opp. Vasundhara Building, Ghatkopar East, Mumbai, Maharashtra 400077, India",19.0758356,72.9052988,71.4,425,? 350.00,"? 1,48,750.00",Popular,
Ghatkopar,"Baithack - Taste of Kulhad, Ghatkopar",4.7,44,"Shop no. 3, Jai-Vijay Co-op Society, opp. Hindi High School, CGS Colony, Ghatkopar West, Mumbai, Maharashtra 400086, India",19.087616,72.9093051,206.8,1100,? 550.00,"? 6,05,000.00",Premium,
Ghatkopar,FIRE POT RESTAURANT,4.9,126,"3VGX+VVJ, near Somaiya University, Vidyanagar, Vidya Vihar East, Ghatkopar East, Mumbai, Maharashtra 400077, India",19.0772187,72.8996573,617.4,3150,? 550.00,"? 17,32,500.00",Premium,
Ghatkopar,Monica family Restaurant&Bar,4.4,401,"New, 90 Feet Rd, Park Society, Pant Nagar, Ghatkopar East, Mumbai, Maharashtra 400075, India",19.0799691,72.9110897,1764.4,10025,? 450.00,"? 45,11,250.00",Popular,
Ghatkopar,Starbucks,4.3,630,"Ground Floor, Dhoot Business Centre, Dhanlaxmi Building, RB Mehta Marg, near Shri, Neelkanth Chhaya Co-op Housing Society, Sindhu Wadi, Ghatkopar East, Mumbai, Maharashtra 400077, India",19.0774583,72.9072967,2709,15750,? 350.00,"? 55,12,500.00",Popular,
Ghatkopar,Pure Milk & Snacks Center,4.1,10076,"Vikrant bldg, vikrant circle, RB Mehta Marg, Ghatkopar East, Mumbai, Maharashtra 400077, India",19.0750492,72.9039071,41311.6,251900,? 350.00,"? 8,81,65,000.00",Popular,
Ghatkopar,Mota Bhai Cafe,4,428,"Mota Bhai Cafe, Roller Coaster Ice Cream, Vallabh Baugh Lane, Tilak Rd, near Achija Hotel, Ghatkopar (E, Mumbai, Maharashtra 400077, India",19.0800628,72.9053703,1712,10700,? 350.00,"? 37,45,000.00",Popular,
Ghatkopar,Mumbai Bites - Ghatkopar,4.4,80,"Mumbai Bites, 90 Feet Rd, near Patel copy center, opp. Kailash Plaza, NG37, Ghatkopar East, Mumbai, Maharashtra 400075, India",19.0788591,72.910521,352,2000,? 450.00,"? 9,00,000.00",Popular,
Ghatkopar,Granville Greens (Ghatkopar),4,2056,"1, Ramnarayan Narkar Marg, next to R Odeon Mall, MHADA Colony, Pant Nagar, Ghatkopar East, Mumbai, Maharashtra 400077, India",19.0794827,72.9092876,8224,51400,? 350.00,"? 1,79,90,000.00",Popular,
Ghatkopar,Rameshwaram Cafe,4.2,150,"3WP6+7H5, Shival Nagar, Saibaba Nagar, Pant Nagar, Ghatkopar East, Mumbai, Maharashtra 400075, India",19.0856503,72.9114769,630,3750,? 350.00,"? 13,12,500.00",Popular,
Ghatkopar,Desire Instant Chai,4.5,39,"A-7, Gayatri Dham, Derasar Lane, Mahatma Gandhi Rd, opp. ZEST BUSINESS SPACES, Ghatkopar East, Mumbai, Maharashtra 400077, India",19.082504,72.9049303,175.5,975,? 450.00,"? 4,38,750.00",Premium,
Ghatkopar,CAFE VIBEZZ,4.7,26,"459, Ambedkar Nagar, No 7 1, Sarvoday Buddh Vihar Marg, opp. to Natraj Bar, near Somaiya College, Rajawadi Colony, Ghatkopar East, Mumbai, Maharashtra 400077, India",19.0773985,72.8997221,122.2,650,? 550.00,"? 3,57,500.00",Premium,
Ghatkopar,B.E. Bytes,4.9,70,"Hingwala Ln, Saibaba Nagar, Pant Nagar, Ghatkopar East, Mumbai, Maharashtra 400077, India",19.0823477,72.9088118,343,1750,? 550.00,"? 9,62,500.00",Premium,
Ghatkopar,Mi FAVORITO - LA CASA DE FUSION CENAR...,4,832,"Shop No.5, Parvati Sadan, Tilak Rd, near Balaji Temple, opp. Annapurna Industrial Estate, Raja Wadi, Maheshwar Nagar, Sindhu Wadi, Ghatkopar East, Mumbai, Maharashtra 400077, India",19.0791119,72.9056781,3328,20800,? 350.00,"? 72,80,000.00",Popular,
Ghatkopar,Chatoree,3.6,249,"3rd Floor, R City Mall, Lal Bahadur Shastri Marg, Amrut Nagar, Ghatkopar West, Mumbai, Maharashtra 400086, India",19.0988034,72.9166287,896.4,6225,? 350.00,"? 21,78,750.00",Average,
Ghatkopar,R-Steam Hot,4.3,739,"Shop No 10-a, Kailash Plaza, Vallabh Baug Ln, MHADA Colony, Pant Nagar, Ghatkopar East, Mumbai, Maharashtra 400077, India",19.0788274,72.9099408,3177.7,18475,? 350.00,"? 64,66,250.00",Popular,
Ghatkopar,Starbucks,4.4,2307,"Lal Bahadur Shastri Marg, Amrut Nagar, Ghatkopar West, Mumbai, Maharashtra 400086, India",19.0996544,72.9162627,10150.8,57675,? 450.00,"? 2,59,53,750.00",Popular,
Ghatkopar,Bombay Island Coffee Company | Vikhroli,4.6,284,"GODREJ ONE, Shop #4, Tower C, Retail Street, The Trees, Pirojshanagar, Vikhroli, Mumbai, Maharashtra 400079, India",19.0931472,72.9202385,1306.4,7100,? 450.00,"? 31,95,000.00",Premium,
Ghatkopar,"Le Cafe | Best European Cafe in Chembur, Mumbai",4.4,3152,"Jewel of chembur, Rd No. 1, opp. Bmc OFFice, near Natraj Cinema, Chembur Gaothan, Chembur, Mumbai, Maharashtra 400071, India",19.0615942,72.899741,13868.8,78800,? 450.00,"? 3,54,60,000.00",Popular,
Ghatkopar,Monopoly ghatkopar,3.6,96,"Shop 9 Jayant Villa Hingwala Lane, Tilak Road, Sindhu Wadi, Ghatkopar East, Mumbai, Maharashtra 400077, India",19.0828592,72.9070179,345.6,2400,? 350.00,"? 8,40,000.00",Average,
Ghatkopar,"Parichai, Espress Yourself",4.6,504,"Building no. 15, Sarva Mangal towers, Shop no, 4, West, opp. Sahyadri Garden, Tilak Nagar, Chembur, Mumbai, Maharashtra 400089, India",19.0693972,72.8969296,2318.4,12600,? 450.00,"? 56,70,000.00",Premium,
Ghatkopar,House of delicious (Vidhyvihar),4.7,66,"Shop 3, veer apartment, 7th road, opp. from somiya college gate1, Vidyanagar, Vidya Vihar East, Vidyavihar, Mumbai, Maharashtra 400077, India",19.0771571,72.9007844,310.2,1650,? 550.00,"? 9,07,500.00",Premium,
Ghatkopar,Vishwa Bharat Fine Dine,4.2,1388,"Shop No 1, Laxmi Shopping Centre, 2 & 3, HD Road, near Railway Station, Bhatwadi, Kapol wadi, Ghatkopar West, Mumbai, Maharashtra 400086, India",19.0865798,72.908105,5829.6,34700,? 350.00,"? 1,21,45,000.00",Popular,
Ghatkopar,cafe shalimar family restaurant,3.8,927,"Cafe Shalimar, Lal Bahadur Shastri Marg, opposite Dargha, near Damodar Park, Nityanand Nagar, Ghatkopar West, Mumbai, Maharashtra 400086, India",19.0963089,72.9153296,3522.6,23175,? 350.00,"? 81,11,250.00",Average,
Ghatkopar,Pavilion Veg Restaurant,4.3,2219,"Happy Home, Vallabh Baug Ln, Raja Wadi, Sindhu Wadi, Ghatkopar East, Mumbai, Maharashtra 400077, India",19.0799212,72.9056609,9541.7,55475,? 350.00,"? 1,94,16,250.00",Popular,
Ghatkopar,The Belgian Waffle Co.,4.1,542,"Shop No.11, Vasant Nivas, Tilak Rd, corner, Sindhu Wadi, Ghatkopar East, Mumbai, Maharashtra 400077, India",19.0797883,72.9061414,2222.2,13550,? 350.00,"? 47,42,500.00",Popular,
Ghatkopar,Desire Instant Chai,4.1,33,"Shop no.2, Shivkrupa Sadan, Karani Ln, Ghatkopar West, Mumbai, Maharashtra 400077, India",19.0870695,72.904444,135.3,825,? 350.00,"? 2,88,750.00",Popular,
Ghatkopar,BouganVilla,4.5,5001,"Ground Floor, Neelyog Square Mall, opp. Metro & Railway Station, Shival Nagar, Saibaba Nagar, Pant Nagar, Ghatkopar East, Mumbai, Maharashtra 400077, India",19.0853876,72.9090244,22504.5,125025,? 450.00,"? 5,62,61,250.00",Premium,
Ghatkopar,Pop Tate's R-City Mall,4.3,993,"R City Mall, Ground Ground Floor, Lal Bahadur Shastri Marg, Amrut Nagar, Ghatkopar West, Mumbai, Maharashtra 400086, India",19.0993558,72.9163421,4269.9,24825,? 350.00,"? 86,88,750.00",Popular,
Ghatkopar,Blossom The Fusion Spot,4.1,1854,"Jhulelal Chowk, Sindhu Wadi, Ghatkopar (E, Mumbai, Maharashtra 400077, India",19.0752265,72.9051973,7601.4,46350,? 350.00,"? 1,62,22,500.00",Popular,
Ghatkopar,"Khau Galli, Ghatkopar",4.1,62,"No.2, Shop No.5, Vallabh Baug Lane, Jalaram Nagar, opposite Laxmi Narayan Mandir, Sindhu Wadi, Ghatkopar East, Mumbai, Maharashtra 400077, India",19.0804469,72.9045874,254.2,1550,? 350.00,"? 5,42,500.00",Popular,
Ghatkopar,Madras Talkies Ghatkopar East,4.7,513,"Shop no 2, Ground Floor, Building no 32, near Brijwasi Sweets, Shival Nagar, Gaurishankar Wadi, Pant Nagar, Ghatkopar East, Mumbai, Maharashtra 400075, India",19.0852514,72.9123632,2411.1,12825,? 550.00,"? 70,53,750.00",Premium,
Ghatkopar,INDIAN TOUCH,4.3,416,"Patel chowk, opposite to Natural icecream, Ghatkopar East, Mumbai, Maharashtra 400077, India",19.0839535,72.9091473,1788.8,10400,? 350.00,"? 36,40,000.00",Popular,
Ghatkopar,CYCLOSTOP - Cycles on Rent,4.9,37,"RN, Kailash Tower, Ramnarayan Narkar Marg, opp. Rodeon Mall, MHADA Colony, Pant Nagar, Ghatkopar East, Mumbai, Maharashtra 400075, India",19.0792893,72.9100985,181.3,925,? 550.00,"? 5,08,750.00",Premium,
Ghatkopar,Fusion Zaika,4.2,63,"Bus stop, Eastern Express Hwy, near Nalanda Nagar, Ghatkopar, Nalanda Nagar, Ghatkopar East, Mumbai, Maharashtra 400075, India",19.0746126,72.9131237,264.6,1575,? 350.00,"? 5,51,250.00",Popular,
Ghatkopar,Pavis Cafe,5,3,"Shop no4 Anthurium building 8 90feet road, t, Pant Nagar, Ghatkopar East, Mumbai, Maharashtra 400075, India",19.0824569,72.9127723,15,75,? 550.00,"? 41,250.00",Premium,
Mulund,DÉ??Cr?¶pes Cafe,4.3,1529,"Shop Number 14, Runwal Anthurium, Lal Bahadur Shastri Marg, next to FabIndia Shop, Veena Nagar, Mulund West, Mumbai, Maharashtra 400080, India",19.1807445,72.9467345,6574.7,38225,? 350.00,"? 1,33,78,750.00",Popular,
Mulund,Love & Latte Mulund,4,1791,"Shop 36, Avior, Lal Bahadur Shastri Marg, P&T Staff Colony, Mulund West, Mumbai, Maharashtra 400080, India",19.1728739,72.9414729,7164,44775,? 350.00,"? 1,56,71,250.00",Popular,
Mulund,Mastermind Bicycle Cafe & Bar,4.4,358,"LG-38-39, Nirmal Galaxy, Avior Corporate Park, Lal Bahadur Shastri Marg, opp. Johnson & Johnson, P&T Staff Colony, Mulund West, Mumbai, Maharashtra 400080, India",19.1724341,72.9413078,1575.2,8950,? 450.00,"? 40,27,500.00",Popular,
Mulund,Mani's Cafe,4.3,2549,"Shop no. 4 and 5, Sai Madhuvan CHS, S.L ROAD, and, RHB Rd, junction, Mulund West, Mumbai, Maharashtra 400080, India",19.1715173,72.9529869,10960.7,63725,? 350.00,"? 2,23,03,750.00",Popular,
Mulund,Third Wave Coffee,4.8,1114,"RUNWAL GREENS, Shop No G 40 and G 41, R-Galleria, Mulund - Goregaon Link Rd, Mulund West, Mumbai, Maharashtra 400078, India",19.1608228,72.9453872,5347.2,27850,? 550.00,"? 1,53,17,500.00",Premium,
Mulund,TheGreenTable,4.3,172,"Shop No 26, Marathon Monte Plaza, Madan Mohan Malviya Rd, Asha Nagar, Mulund West, Mumbai, Maharashtra 400080, India",19.170914,72.9436907,739.6,4300,? 350.00,"? 15,05,000.00",Popular,
Mulund,Samvene The Bagel Cafe (Mulund),4.6,354,"Shop no. 9, Manisha Corporate Park, MG Road, near Mulund Station, Mulund, Mulund West, Mumbai, Maharashtra 400080, India",19.17284,72.9555194,1628.4,8850,? 450.00,"? 39,82,500.00",Premium,
Mulund,Cafe ETC (Eat Talk Cherish),4.3,256,"Purshottam Kheraj Industrial Estate, G4 - Mehhal, Devi Dayal Rd, near Fire Station, Mulund West, Mumbai, Maharashtra 400080, India",19.1755844,72.9435905,1100.8,6400,? 350.00,"? 22,40,000.00",Popular,
Mulund,The Laughter Chapter Cafe,4,1374,"College Of Commerce, E-4, Shanti Bhuvan, Sarojini Naidu Road, Opp. Mulund, Mulund West, Mumbai, Maharashtra 400080, India",19.174411,72.958137,5496,34350,? 350.00,"? 1,20,22,500.00",Popular,
Mulund,Tea and Conversations,4.4,1585,"G-3, Meghal Industrial Estate, Lala Devidayal Road, near Fire Brigade, Mumbai, Maharashtra 400080, India",19.1755423,72.9435793,6974,39625,? 450.00,"? 1,78,31,250.00",Popular,
Mulund,The Food Studio,4.1,7458,"The Food Studio, Mulund - Goregaon Link Rd, Nahur West, Sarvodaya Nagar, Mulund West, Mumbai, Maharashtra 400080, India",19.1618366,72.9444977,30577.8,186450,? 350.00,"? 6,52,57,500.00",Popular,
Mulund,Blue Tokai Coffee Roasters - Mulund,4.6,58,"Shop No 56 & 57 Ground Floor, RUNWAL GREENS, Mulund - Goregaon Link Rd, Nahur West, Industrial Area, Mulund West, Mumbai, Maharashtra 400078, India",19.159941,72.945496,266.8,1450,? 450.00,"? 6,52,500.00",Premium,
Mulund,Bake Live Studio - Mulund,4.4,266,"shop no. 2 & 3, Moreshwar Towers, MG Road, opp. Saarthi Health Care, Mulund West, Mumbai, Maharashtra 400080, India",19.1768242,72.9514775,1170.4,6650,? 450.00,"? 29,92,500.00",Popular,
Mulund,Shree Balaji's cafe,4.2,160,"Shop No: 7, vasant gardens, Willows Twin Tower Co-Operative Housing Society, Lal Bahadur Shastri Marg, Veena Nagar, Mulund West, Mumbai, Maharashtra 400080, India",19.1811685,72.9407074,672,4000,? 350.00,"? 14,00,000.00",Popular,
Mulund,Coolhad Katta Cafe & Restaurant | Best tea cafe in Mumbai,4.3,151,"6A/5B, Golden Willows Society, opp Silver Birch, next to ICICI Bank Swapna Nagari, near Shawarmaji Mulund outlet, Veena Nagar, Mulund West, Mumbai, Maharashtra 400080, India",19.1804873,72.9400495,649.3,3775,? 350.00,"? 13,21,250.00",Popular,
Mulund,Cafe Cypress,4.5,155,"Cypress CHS, Shop no 1&2 Municipal Market Building, opposite GOLDEN WILLOWS, CHS, Mulund West, Mumbai, Maharashtra 400080, India",19.1809243,72.93974,697.5,3875,? 450.00,"? 17,43,750.00",Premium,
Mulund,Mani's cafe,4.3,1501,"Shop 1\2. Ground floor Sainath nagar, VB Phadake Rd, opp. campus veg treat, Navghar, Mulund East, Mumbai, Maharashtra 400081, India",19.168359,72.9609105,6454.3,37525,? 350.00,"? 1,31,33,750.00",Popular,
Mulund,Starbucks,4.5,66,"Ground Floor, Willow Tower, Willows Twin Tower Co-Operative Housing Society, Veena Nagar, Mulund West, Mumbai, Maharashtra 400082, India",19.1811236,72.9406345,297,1650,? 450.00,"? 7,42,500.00",Premium,
Mulund,Caf?? Gup-shup,4.6,193,"Zenith Tower, Purushottam Kheraj Rd, opposite Caf?? Gup-Shup, Keshav Pada, Mulund West, Mumbai, Maharashtra 400080, India",19.170771,72.9474325,887.8,4825,? 450.00,"? 21,71,250.00",Premium,
Mulund,L'amor,4.4,119,"Cypress CHS, Shop No 19 Silver Birch, Mulund West, Mumbai, Maharashtra 400080, India",19.1808397,72.939139,523.6,2975,? 450.00,"? 13,38,750.00",Popular,
Mulund,Cafe Kadak Special,4.7,167,"Gala No.1, Patil Bhavan, NS Rd, Mulund West, Mumbai, Maharashtra 400080, India",19.1735806,72.956179,784.9,4175,? 550.00,"? 22,96,250.00",Premium,
Mulund,Pop Tate's R Mall Mulund,4.3,5101,"3rd Floor, R Mall, Lal Bahadur Shastri Marg, Kamgar Colony, Mulund West, Mumbai, Maharashtra 400080, India",19.1838121,72.9512266,21934.3,127525,? 350.00,"? 4,46,33,750.00",Popular,
Mulund,TIAMO CAFFE & BAR,4.2,779,"near Chedda Petrol Pump, near ESIS hospital, Veena Nagar, Mulund West, Mumbai, Maharashtra 400080, India",19.1781215,72.94426,3271.8,19475,? 350.00,"? 68,16,250.00",Popular,
Mulund,"The Playce: Coworking, Events & Cafe",4.7,1000,"Marathon Maxima, Lal Bahadur Shastri Marg, near Sonapur Signal, Moti Nagar, Mulund Colony, Mulund West, Mumbai, Maharashtra 400080, India",19.1643123,72.9371837,4700,25000,? 550.00,"? 1,37,50,000.00",Premium,
Mulund,Achija Mulund,4.3,3221,"Monte Plaza, Madan Mohan Malviya Rd, MTNL Colony, Keshav Pada, Mulund West, Mumbai, Maharashtra 400080, India",19.1714503,72.9432356,13850.3,80525,? 350.00,"? 2,81,83,750.00",Popular,
Mulund,Tea and Conversations,4.1,226,"Shop No. 4, Mam Trilok Building, VB Phadake Rd, Navghar, Mulund East, Mumbai, Maharashtra 400081, India",19.1669461,72.9605293,926.6,5650,? 350.00,"? 19,77,500.00",Popular,
Mulund,Make My Day,4.1,324,"R' Galleria, G-39, Runwal Greens, Mulund - Goregaon Link Rd, Mulund (W, Mumbai, Maharashtra 400078, India",19.1607719,72.9453959,1328.4,8100,? 350.00,"? 28,35,000.00",Popular,
Mulund,Cakes N Chemistry - Custom Cakes & Bakery,4.2,719,"Shop No.7, Vista Amenity, D, P Road, Asha Nagar, Mulund West, Mumbai, Maharashtra 400080, India",19.170562,72.9427652,3019.8,17975,? 350.00,"? 62,91,250.00",Popular,
Mulund,Dessertwale,4.6,123,"Shop no 09, Golden Willows Rd, Silver Birch Society, Swapna Nagari, Veena Nagar, Mulund West, Mumbai, Maharashtra 400080, India",19.1805703,72.9400531,565.8,3075,? 450.00,"? 13,83,750.00",Premium,
Mulund,CAFE MUMBAI-80,4.3,53,"R Mall, Shop no 8,3 rd, Lal Bahadur Shastri Marg, opp. RICHARDSON CRUDDAS FACTORY, Kamgar Colony, Mulund West, Mumbai, Maharashtra 400080, India",19.1838791,72.9517233,227.9,1325,? 350.00,"? 4,63,750.00",Popular,
Mulund,Chaayos Cafe at Runwal Greens,4,1061,"RUNWAL GREENS, 21, Mulund - Goregaon Link Rd, next to Fortis Hospital, Nahur West, Industrial Area, Mulund West, Mumbai, Maharashtra 400081, India",19.1610196,72.9447607,4244,26525,? 350.00,"? 92,83,750.00",Popular,
Mulund,R-Steam Hot (AC),4.3,2196,"Shop No. 4, Lalan Building, Devi Dayal Rd, near Murar Road, Chandraprabha Chs, Mulund, Mulund West, Mumbai, Maharashtra 400080, India",19.1757796,72.9514969,9442.8,54900,? 350.00,"? 1,92,15,000.00",Popular,
Mulund,The Food Town,4.4,1856,"2nd Shop, Samriddhi commercial complex, madan mohan malvia road Near telephone exchange, opp. rally wolff, Mulund West, Mumbai, Maharashtra 400080, India",19.1719714,72.9418494,8166.4,46400,? 450.00,"? 2,08,80,000.00",Popular,
Mulund,Kadam's Cafe,3.9,769,"Shop number 6 , PMJP COLONY MHADA, near fire brigade, Gavanpada, Mulund East, Mumbai, Maharashtra 400081, India",19.1746899,72.9659349,2999.1,19225,? 350.00,"? 67,28,750.00",Average,
Mulund,Poetry by Love and Cheesecake,4,160,"Shop No 37, R Galleria, RUNWAL GREENS, Mulund - Goregaon Link Rd, Nahur West, Industrial Area, W, Mumbai, Maharashtra 400078, India",19.1607769,72.9453764,640,4000,? 350.00,"? 14,00,000.00",Popular,
Mulund,The Belgian Waffle Co,4.2,1621,"Shop Number 5, Rohini Residency, MG Road, Mulund, Mulund West, Mumbai, Maharashtra 400080, India",19.1763105,72.9516637,6808.2,40525,? 350.00,"? 1,41,83,750.00",Popular,
Mulund,Caf?? Coffee Day,3.9,703,"CTS No 762, Ground Floor, Krishnai Apartment, 90 Feet Rd, Sane Guruji Nagar, Mulund East, Mumbai, Maharashtra 400081, India",19.1678373,72.9610062,2741.7,17575,? 350.00,"? 61,51,250.00",Average,
Mulund,College kattaa cafe - Best cafe in Mulund East,5,12,"Shop no 14, Anutham chs, VB Phadake Rd, opp. MARATHA MANDAL HALL, Ambedkar Nagar, Sane Guruji Nagar, Mulund East, Mumbai, Maharashtra 400081, India",19.1651753,72.9588106,60,300,? 550.00,"? 1,65,000.00",Premium,
Mulund,Baithack Yogi Hills,4.7,143,"BAITHACK- TASTE OF KULHAD, SHOP NO. 10 SILVER BIRCH CHS, SWAPNA NAGARI VASANT GARDEN ROAD, 400080, Mulund West, Maharashtra 400080, India",19.1808403,72.9391383,672.1,3575,? 550.00,"? 19,66,250.00",Premium,
Mulund,Sandeep Restaurant & bar,4.2,3157,"Chandra Darshan Building, Murar Rd, Mulund West, Mumbai, Maharashtra 400080, India",19.1757122,72.9521144,13259.4,78925,? 350.00,"? 2,76,23,750.00",Popular,
Mulund,Play Cafe,4.9,70,"The Playce, Marathon Maxima, LBS Road, Mulund West, beside Sonapur, Signal, Mumbai, Maharashtra 400080, India",19.164367,72.9372441,343,1750,? 550.00,"? 9,62,500.00",Premium,
Mulund,The House of Bakers,3.8,72,"RUNWAL GREENS, 73 R Galleria, Mulund West, Mumbai, Maharashtra 400080, India",19.1595563,72.9448829,273.6,1800,? 350.00,"? 6,30,000.00",Average,
Mulund,Cafe Point veg&nonveg,4.3,50,"Opp Ganesh Talkies londe mahal, Station Rd, Mulund East, Mumbai, Maharashtra 400081, India",19.1706818,72.9566714,215,1250,? 350.00,"? 4,37,500.00",Popular,
Mulund,Udupi 2 Mumbai,4.2,848,"Shop no.4,5 & 6, Samriddhi CSL, Madan Mohan Malviya Rd, near MTNL Telephone Exchange, P&T Staff Colony, Mulund West, Mumbai, Maharashtra 400080, India",19.1719112,72.942,3561.6,21200,? 350.00,"? 74,20,000.00",Popular,
Mulund,Desire Instant Chai,4.7,99,"Shop no 2, Akruti Elegance, Akruti Elegance Cooperative Housing Society, VB Phadake Rd, Gavanpada, Mahakali Nagar, Mulund East, Mumbai, Maharashtra 400081, India",19.1722176,72.9625984,465.3,2475,? 550.00,"? 13,61,250.00",Premium,
Mulund,Delhi Se - Mulund,4.4,845,"Purushottam Kheraj Rd, Gokulesh Society, St Pius Colony, Mulund West, Mumbai, Maharashtra 400080, India",19.1687625,72.9460078,3718,21125,? 450.00,"? 95,06,250.00",Popular,
Mulund,Starbucks,4.4,2035,"Ground Floor, Runwal Greens Complex, Mulund - Goregaon Link Rd, Nahur West, Industrial Area, Mulund West, Mumbai, Maharashtra 400080, India",19.161275,72.944357,8954,50875,? 450.00,"? 2,28,93,750.00",Popular,
Mulund,Pan Di Tikki - PDT,4.8,522,"Shop No 4,Matruchhaya,Dreamland Bungalows, Jai Shastri Nagar, Mulund Colony, Mulund West, Mumbai, Maharashtra 400082, India",19.1712292,72.9335196,2505.6,13050,? 550.00,"? 71,77,500.00",Premium,
Mulund,HotBox Cafe,4.8,143,"Shop no. 26, Jakat Naka Shopping Society, opp. to Honda showroom, Sector Number 2, Shree Nagar, Thane West, Thane, Maharashtra 400604, India",19.1895783,72.9450829,686.4,3575,? 550.00,"? 19,66,250.00",Premium,
Mulund,CYBER CAFE AND GAMING ZONE,4.5,233,"B.P.S BHAVAN NO. 2, JALARAM ASHISH COMPOUND, Devi Dayal Rd, Mulund West, Mumbai, Maharashtra 400080, India",19.1756879,72.9481291,1048.5,5825,? 450.00,"? 26,21,250.00",Premium,
Mulund,Bustling Brew Bistro Cafe,4.5,514,"Shop No. 9, Amfotech IT Park, SG Barve Rd, Wagle Industrial Estate, Thane West, Thane, Maharashtra 400604, India",19.1917272,72.9548166,2313,12850,? 450.00,"? 57,82,500.00",Premium,
Mulund,Thambbi Veg Restaurant,4.1,2445,"Commercial, Opp, WING-B, Nirmal Lifestyle Mall, Lal Bahadur Shastri Marg, Salpa Devi Pada, Mulund West, Mumbai, Maharashtra 400080, India",19.1648526,72.9381225,10024.5,61125,? 350.00,"? 2,13,93,750.00",Popular,
Mulund,Sabby's Cafe,4.4,19,"Shop no 4, Bramhjyoti, Dr Ambedkar Rd, Vidya Vihar, Mulund West, Mumbai, Maharashtra 400080, India",19.1721314,72.9506817,83.6,475,? 450.00,"? 2,13,750.00",Popular,
Mulund,HOUSE OF DELICIOUS,4.9,15,"Shop No 06, Meghdoot Apt, Purushottam Kheraj Rd, opp. Kalidas AuditoriumLll Road, Mulund, Mulund West, Mumbai, Maharashtra 400080, India",19.1731601,72.9495387,73.5,375,? 550.00,"? 2,06,250.00",Premium,
Mulund,MG - South Indian Restaurant in Mulund,4.8,436,"Shop no. 13/14B, Bodke Building, opp. Mulund Railway Station, near by McDonald's, Mulund West, Mumbai, Maharashtra 400080, India",19.1728811,72.9566236,2092.8,10900,? 550.00,"? 59,95,000.00",Premium,
Mulund,Brewomagic Cafe,3.5,6,"Shop 16B, CHS, Silver Birch, Mulund (W, Nirmal Nagar, Mulund West, Mumbai, Maharashtra 400080, India",19.1809199,72.9392104,21,150,? 350.00,"? 52,500.00",Average,
Mulund,Delhi Hub,4.9,50,"Shop No, 151, near, HK Gidwani School, Mulund Colony, Mulund West, Mumbai, Maharashtra 400082, India",19.175964,72.9374452,245,1250,? 550.00,"? 6,87,500.00",Premium,
Mulund,Supreme the gaming cafe,5,22,"Shop No. 2, Murar Rd, Chandraprabha Chs, Mulund, Mulund West, Mumbai, Maharashtra 400080, India",19.175011,72.950225,110,550,? 550.00,"? 3,02,500.00",Premium,
Mulund,Grass And Gossips,3.8,1763,"Shahid Mangal Pandey Rd, Mulund, Mulund West, Mumbai, Maharashtra 400080, India",19.1773814,72.9512989,6699.4,44075,? 350.00,"? 1,54,26,250.00",Average,
Mulund,Tea Villa Cafe,4.1,1187,"Shop No 2&3, Bps Pratistha, CHS LTD, Devi Dayal Rd, Gavane Pada, Mulund, Mulund West, Mumbai, Maharashtra 400080, India",19.1760586,72.9506772,4866.7,29675,? 350.00,"? 1,03,86,250.00",Popular,
Vashi,70beans,4.4,2370,"Shop #: 19, Plot #:, Palm Beach Galleria Mall, 17, Phase 2, Sector 19D, Vashi, Navi Mumbai, Maharashtra 400703, India",19.0849523,73.0076461,10428,59250,? 450.00,"? 2,66,62,500.00",Popular,
Vashi,Contigo Cafe,4.4,1246,"190-A, Vashi Kopar Khairane Rd, Juhu Nagar, Jui Nagar, Sector 12, Vashi, Navi Mumbai, Maharashtra 400703, India",19.0916992,73.005358,5482.4,31150,? 450.00,"? 1,40,17,500.00",Popular,
Vashi,Cafe creme vashi,4.2,846,"plot no. 132, Tulip CHS, Shop no. 12, Sector 28, Vashi, Navi Mumbai, Maharashtra 400703, India",19.0896217,73.0074481,3553.2,21150,? 350.00,"? 74,02,500.00",Popular,
Vashi,Seventh Sky By Cafe Palm Atlantis,4.1,658,"5th Floor, Palm Beach Galleria Mall, Palm Beach Rd, Phase 2, Sector 19D, Vashi, Navi Mumbai, Maharashtra 400703, India",19.0845637,73.0077194,2697.8,16450,? 350.00,"? 57,57,500.00",Popular,
Vashi,91 Palm Beach Cafe,4.4,523,"Shop 8, 9 & 10, The Affaires Building, Ground Floor, Palm Beach Rd, Sector 17, Sanpada, Navi Mumbai, Maharashtra 400703, India",19.0565828,73.0032037,2301.2,13075,? 450.00,"? 58,83,750.00",Popular,
Vashi,Budget Cafe,3.9,95,"Plot No.41, Floor, 1st Floor, Plot 41, Palm Beach Rd, above VLCC, near Furniture Mall, Phase 2, Sector 19E, Vashi, Navi Mumbai, Maharashtra 400703, India",19.0868068,73.0084605,370.5,2375,? 350.00,"? 8,31,250.00",Average,
Vashi,The Rooftop by Yogi Executive,4,1724,"Plot No 31/A, Hotel Yogi Executive, Sector 22, MAFCO Rd, opposite MAFCO Market, Sector 22, Vashi, Navi Mumbai, Maharashtra 400703, India",19.0709957,73.0093478,6896,43100,? 350.00,"? 1,50,85,000.00",Popular,
Vashi,Shri Arya Cafe,4.5,257,"Shop No.7A, Ground Floor, Big Splash, Plot no.78 & 79, Juhu Nagar, Sector 17, Vashi, Navi Mumbai, Maharashtra 400703, India",19.074182,72.9982922,1156.5,6425,? 450.00,"? 28,91,250.00",Premium,
Vashi,House Of Lords,4.1,2331,"701, Cyber One, Sector 30A, Vashi, Navi Mumbai, Maharashtra 400703, India",19.0676557,72.992966,9557.1,58275,? 350.00,"? 2,03,96,250.00",Popular,
Vashi,Third Wave Coffee,4.9,82,"Unit No. G49, 49 A, Inorbit Mall, Sector 30A, Vashi, Navi Mumbai, Maharashtra 400705, India",19.0654858,73.0007058,401.8,2050,? 550.00,"? 11,27,500.00",Premium,
Vashi,Starbucks,4.6,582,"Unit No 9, Ground Floor, Shaha Signature, Sun Flower Road, opposite Abhyudaya Bank Marg, Sector 17, Vashi, Navi Mumbai, Maharashtra 410210, India",19.072171,72.9978014,2677.2,14550,? 450.00,"? 65,47,500.00",Premium,
Vashi,TALES OVER BEANS CAFE,4.5,739,"Shop no.8/9, Vasundhara Heights, Plot-no-5, Sector 11, Sanpada, Navi Mumbai, Maharashtra 400705, India",19.0556434,73.0150224,3325.5,18475,? 450.00,"? 83,13,750.00",Premium,
Vashi,Cococart & Cafe (Inorbit Mall),4.7,442,"Shop no. 28/28A Ground Floor, Inorbit Mall, Sector 30A, Vashi, Navi Mumbai, Maharashtra 400705, India",19.065709,73.0012309,2077.4,11050,? 550.00,"? 60,77,500.00",Premium,
Vashi,Oriano by darioÉ??s,4.5,1296,"1st floor, Unit - 104, sec-30A, Plot :39/2, Real Tech Park, near, Top 10, Sector 30A, Vashi, Navi Mumbai, Maharashtra 400703, India",19.0662366,72.9992463,5832,32400,? 450.00,"? 1,45,80,000.00",Premium,
Vashi,Starbucks,4.3,4193,"Ground Floor, Inorbit Mall, opposite Vashi Railway Station, Sector 30A, Vashi, Navi Mumbai, Maharashtra 400705, India",19.0656914,72.9998193,18029.9,104825,? 350.00,"? 3,66,88,750.00",Popular,
Vashi,Vashi SOCIAL,4.1,2550,"F31 Plot No. 39, Inorbit Mall, 1, Palm Beach Rd, opposite Vashi, Sector 30A, Vashi, Navi Mumbai, Maharashtra 400703, India",19.0658278,73.0010497,10455,63750,? 350.00,"? 2,23,12,500.00",Popular,
Vashi,Bulls and Traders Cafe | BTC Cafe,4.8,113,"G-197, Ground Floor, Haware Fantasia Business Park, Sector 30A, Vashi, Navi Mumbai, Maharashtra 400703, India",19.0653268,73.0021291,542.4,2825,? 550.00,"? 15,53,750.00",Premium,
Vashi,Cafe Vihar,4.3,3080,"The Regenza by Tunga, Plot No. 37, Bhagwan Mahaveer Rd, Sector 30A, Vashi, Navi Mumbai, Maharashtra 400703, India",19.0669782,72.9991389,13244,77000,? 350.00,"? 2,69,50,000.00",Popular,
Vashi,Vicky's Cafe,4.8,19,"Shop no.03/A, shivlrupa mahila sangh, bus Depo, beside Vashi, Juhu Nagar, Sector 9A, Vashi, Navi Mumbai, Maharashtra 400703, India",19.0748263,72.9976055,91.2,475,? 550.00,"? 2,61,250.00",Premium,
Vashi,Vashi Navi mumbai,4.5,10,"3X8X+GCJ, Vashi Railway Station Rd, Sector 30A, Vashi, Navi Mumbai, Maharashtra 400703, India",19.066336,72.9985124,45,250,? 450.00,"? 1,12,500.00",Premium,
Vashi,Cult Lounge,4,1567,"Satra Plaza, Shop no 111, First Floor, Palm Beach Rd, Sector: 19D, Vashi, Navi Mumbai, Maharashtra 400705, India",19.0830516,73.0059717,6268,39175,? 350.00,"? 1,37,11,250.00",Popular,
Vashi,Pot Pourri Eat & Drinkery,4.1,3862,"Inorbit Mall, Palm Beach Rd, Sector 30A, Vashi, Navi Mumbai, Maharashtra 400703, India",19.0655476,73.0011787,15834.2,96550,? 350.00,"? 3,37,92,500.00",Popular,
Vashi,IBIZA Restobar & Cafe,3.8,835,"marine center, Marine Street, Juhu Nagar, Juhu Village, Sector 11, Vashi, Navi Mumbai, Maharashtra 400703, India",19.0866836,72.9995058,3173,20875,? 350.00,"? 73,06,250.00",Average,
Vashi,The Union Bar and Eating House,4.4,4769,"Plot No. 10, Nirman Vyapar Kendra, next to Hotel Navaratna, Sector 17, Vashi, Navi Mumbai, Maharashtra 400703, India",19.0731329,72.9982557,20983.6,119225,? 450.00,"? 5,36,51,250.00",Popular,
Vashi,Kingsman Experience,4.1,1133,"shop No.05, Satra Plaza, Palm Beach Rd, Sec 19D, Vashi, Navi Mumbai, Maharashtra 400703, India",19.08349,73.0064047,4645.3,28325,? 350.00,"? 99,13,750.00",Popular,
Vashi,aves art caf??,4.9,112,"Shop No 1, Plot No 34, Sector 26, Vashi, Maharashtra 400703, India",19.0893196,73.014052,548.8,2800,? 550.00,"? 15,40,000.00",Premium,
Vashi,Chaayos Cafe at Inorbit,4.1,920,"Sector 30A, Vashi, Navi Mumbai, Maharashtra 400703, India",19.0657105,73.0007931,3772,23000,? 350.00,"? 80,50,000.00",Popular,
Vashi,Pop Tate's Inorbit Mall Vashi,4.2,1040,"1st floor, Inorbit Mall, Palm Beach Rd, Sector 30A, Vashi, Navi Mumbai, Maharashtra 400703, India",19.0661024,73.0005533,4368,26000,? 350.00,"? 91,00,000.00",Popular,
Vashi,Pop Tate's Vashi,4.1,6337,"Shop 120, 1st Floor, Satra Plaza, Sector 19-D, Palm Beach Rd, Juhu Nagar, Phase 2, Sector 19D, Vashi, Navi Mumbai, Maharashtra 400703, India",19.0824509,73.005691,25981.7,158425,? 350.00,"? 5,54,48,750.00",Popular,
Vashi,Caspers Bar and Kitchen,4.3,189,"Shop no. 59, Satra Plaza, Palm Beach Rd, Phase 2, Sector 19D, Vashi, Navi Mumbai, Maharashtra 400703, India",19.0827275,73.0064211,812.7,4725,? 350.00,"? 16,53,750.00",Popular,
Vashi,Caf?? Coffee Day,4.3,1169,"Kopar Khairane Rd, near Reliance Digital, Sector 13, Kopar Khairane, Navi Mumbai, Maharashtra 400709, India",19.0973389,73.0058424,5026.7,29225,? 350.00,"? 1,02,28,750.00",Popular,
Vashi,Kerala House,4.3,5040,"Swami Pranabananda Marg, Sector 30, Vashi, Navi Mumbai, Maharashtra 400703, India",19.0667372,72.9929121,21672,126000,? 350.00,"? 4,41,00,000.00",Popular,
Vashi,abCoffee Akshar Business Park Vashi,4.8,39,"Ground Floor, T wing, Akshar Business Park, Sector 25, Vashi, Navi Mumbai, Maharashtra 400703, India",19.0788337,73.0133628,187.2,975,? 550.00,"? 5,36,250.00",Premium,
Vashi,Tight,4,2532,"First Floor, Inorbit Mall, Sector 30A, Vashi, Navi Mumbai, Maharashtra 400703, India",19.0657735,73.0007386,10128,63300,? 350.00,"? 2,21,55,000.00",Popular,
Vashi,Nau Se Barah,4.4,383,"Inorbit Mall, Railway Station, Palm Beach Rd, Sector 30A, Vashi, Navi Mumbai, Maharashtra 400703, India",19.065709,73.0012309,1685.2,9575,? 450.00,"? 43,08,750.00",Popular,
Vashi,La Crosta,4.5,208,"2, Plot no 104, Shagar Vihar, Sai Maya CHS, Shop no, Parmarth Niketan Marg, Sector 29, Vashi, Navi Mumbai, Maharashtra 400703, India",19.0874209,73.0074931,936,5200,? 450.00,"? 23,40,000.00",Premium,
Vashi,Aroma Chai & Snacks Cafe (Sanpada),4.6,163,"Shop 002, Abhimanyu-2 CHS, Off, Palm Beach Rd, beside Krishna Restaurant, opp. Suraj Hospital, Sector 1, Sanpada, Navi Mumbai, Maharashtra 400705, India",19.0629895,73.0057104,749.8,4075,? 450.00,"? 18,33,750.00",Premium,
Vashi,Royal Oak Brewery,4.5,250,"Shop 23, Satra Plaza, Phase 2, Sector 19D, Vashi, Navi Mumbai, Maharashtra 400703, India",19.08229,73.0059369,1125,6250,? 450.00,"? 28,12,500.00",Premium,
Vashi,Combo Jumbo: Best Veg Restaurants in Vashi Navi Mumbai,4.5,1577,"Plot No: 17, near HDFC Bank, Juhu Nagar, Sector 28, Vashi, Navi Mumbai, Maharashtra 400703, India",19.0915767,73.0056543,7096.5,39425,? 450.00,"? 1,77,41,250.00",Premium,
Vashi,Funshala cafe,3,13,"near vashi station, Sector 30A, Turbhe, Navi Mumbai, Maharashtra 400703, India",19.0657665,73.0009452,39,325,? 350.00,"? 1,13,750.00",Average,
Vashi,Gupta Sandwich,4.2,5593,"No 4 and 2, JK Chambers Building, Vashi-Turbhe Rd, Sector 17, Vashi, Navi Mumbai, Maharashtra 400705, India",19.0739407,72.9996191,23490.6,139825,? 350.00,"? 4,89,38,750.00",Popular,
Vashi,Chenab,3.9,4911,"near Sagar Vihar, Sector 8, Vashi, Navi Mumbai, Maharashtra 400703, India",19.0754271,72.9850118,19152.9,122775,? 350.00,"? 4,29,71,250.00",Average,
Vashi,La Cassa,4.3,75,"Nivasti Imperium, 3rd Floor, Sector 19, Palm Beach, Sanpada, Navi Mumbai, Maharashtra 400705, India",19.0539673,73.0062826,322.5,1875,? 350.00,"? 6,56,250.00",Popular,
Vashi,Achija,4.3,1618,"Achija Veg Restaurant, Satra Plaza, near Kohinoor, Phase 2, Sector 19D, Vashi, Navi Mumbai, Maharashtra 400703, India",19.0835328,73.0063873,6957.4,40450,? 350.00,"? 1,41,57,500.00",Popular,
Vashi,Cafe Te Amo,4.4,117,"Shop no-16, Giriraj Darshan society, near Megamart, below Ajayan's Hospital, Sector 9, Kopar Khairane, Navi Mumbai, Maharashtra 400709, India",19.1003815,73.0092253,514.8,2925,? 450.00,"? 13,16,250.00",Popular,
Vashi,Cafe Creme sanpada,4.3,123,"Shree Durga Apartment CHS, Juinagar Station Rd, Sector 10, Sanpada, Navi Mumbai, Maharashtra 400705, India",19.0570323,73.0160081,528.9,3075,? 350.00,"? 10,76,250.00",Popular,
Vashi,Big B's Vashi,4.6,10,"Shop 8C, Vashi Station Food Court, opp. Real Tech Park, Sector 30, Vashi, Navi Mumbai, Maharashtra 400705, India",19.0658025,72.9985403,46,250,? 450.00,"? 1,12,500.00",Premium,
Vashi,Desire Caf?? - Instant Chai Maza Aajaye,4.7,6,"E-71, APMC Masala Market, APMC Market, Sector 19, Vashi, Navi Mumbai, Maharashtra 400703, India",19.0751483,73.0079183,28.2,150,? 550.00,"? 82,500.00",Premium,
Vashi,The Bombay Kinng Cafe,4,1,"shop no 2 & 3, Navprerna Apartment, A-6/1, Maratha Bhavan Marg, opp. shiv Krupa society, Juhu Nagar, Sector 15, Vashi, Navi Mumbai, Maharashtra 400703, India",19.0808965,73.0004703,4,25,? 350.00,"? 8,750.00",Popular,
Vashi,JIMIS BURGER ?? - Vashi,4.4,4544,"Shop 25, Ground Floor, Satra Plaza, Palm Beach Rd, Phase 2, Sector 19D, Vashi, Navi Mumbai, Maharashtra 400703, India",19.0827299,73.0063971,19993.6,113600,? 450.00,"? 5,11,20,000.00",Popular,
Vashi,The Beer Caf??,3.7,149,"Inorbit Mall, Unit No - S-39, Second Floor, Palm Beach Rd Sector 30A Located, Vashi, Navi Mumbai, Maharashtra 400703, India",19.0657388,73.0009427,551.3,3725,? 350.00,"? 13,03,750.00",Average,
Vashi,The Regenza by Tunga,4.2,6536,"1st Floor, PLOT NO.- 88, 37, Sector 30A, Vashi, Navi Mumbai, Maharashtra 400703, India",19.067298,72.9992287,27451.2,163400,? 350.00,"? 5,71,90,000.00",Popular,
Vashi,"Urban Tadka [Vashi, InOrbit Mall]",4.1,356,"G-36, Ground floor, Inorbit Mall, Palm Beach Rd, Sector 30A, Vashi, Navi Mumbai, Maharashtra 400705, India",19.065709,73.0012309,1459.6,8900,? 350.00,"? 31,15,000.00",Popular,
Vashi,Chaai Centre Caf?? & Co-working,4.3,1180,"Shop No-14, Mayuresh Cosmos, Sector 11, CBD Belapur, Navi Mumbai, Maharashtra 400614, India",19.0157906,73.0412215,5074,29500,? 350.00,"? 1,03,25,000.00",Popular,
Vashi,Cafe N Cream,3.8,348,"Sector 3, Sanpada, Navi Mumbai, Maharashtra 400705, India",19.0642157,73.0105431,1322.4,8700,? 350.00,"? 30,45,000.00",Average,
Vashi,Third Wave Coffee,4.9,33,"Centronic, Plot No. 18, Palm Beach Galleria Mall, Shop No. 26 & 27, Ground Floor, Sector 19D, Vashi, Navi Mumbai, Maharashtra 400703, India",19.0851071,73.0077808,161.7,825,? 550.00,"? 4,53,750.00",Premium,
Vashi,Idlamma,4.3,209,"Shop No. 30, TOWER-II, Gyan Vikas Road, Sector 18, Kopar Khairane, Navi Mumbai, Maharashtra 400709, India",19.1037299,73.0010699,898.7,5225,? 350.00,"? 18,28,750.00",Popular,
Vashi,Nagori GM Shikara Tea,4.5,14,"Plot Number 7, 13, Krishi Bhawan, Palm Beach Rd, Sector 19C, APMC Market 1, Vashi, Navi Mumbai, Maharashtra 400703, India",19.0794203,73.0053743,63,350,? 450.00,"? 1,57,500.00",Premium,
Vashi,Caf?? Irani,4.3,12,"3285+H98, Sector 30A, Vashi, Navi Mumbai, Maharashtra 400705, India",19.0664221,73.0084587,51.6,300,? 350.00,"? 1,05,000.00",Popular,
Vashi,Soy Street,4.2,1791,"Sector 30A, Vashi, Navi Mumbai, Maharashtra 400703, India",19.0657973,73.000632,7522.2,44775,? 350.00,"? 1,56,71,250.00",Popular,
Nerul,Legends Cafe,4.1,1368,"Dr D Y Patil Vidyanagar, Sector 5, Nerul, Navi Mumbai, Maharashtra 400706, India",19.0421259,73.0241808,5608.8,34200,? 350.00,"? 1,19,70,000.00",Popular,
Nerul,The Stone Age Cafe,4.6,263,"Shop 5, Ashirwad Apts, Nerul East, Sector 3, Nerul, Navi Mumbai, Maharashtra 400706, India",19.0407755,73.020985,1209.8,6575,? 450.00,"? 29,58,750.00",Premium,
Nerul,Forks and spoons 51,4.9,192,"Punit Park Cosmopolitan Co-Operative Housing Society, Sector 17, Nerul, Navi Mumbai, Maharashtra 400706, India",19.0358417,73.0241972,940.8,4800,? 550.00,"? 26,40,000.00",Premium,
Nerul,MAISON DE CAF??,4.2,28,"Courtyard by Marriott, Sector 7, Nerul, Navi Mumbai, Maharashtra 400706, India",19.0433125,73.0270625,117.6,700,? 350.00,"? 2,45,000.00",Popular,
Nerul,90'S KATTA Cafe,5,139,"shop no 1, Varun CHS, plot no 305, Rock Garden Rd, near Yashwant Ground, Nerul East, Sector 21, Nerul, Navi Mumbai, Maharashtra 400706, India",19.02583,73.021027,695,3475,? 550.00,"? 19,11,250.00",Premium,
Nerul,Vintage Coffee Cafe,4.5,113,"shop no.2/3, Beverly Park, plot no.20, near Palm Beach Road, Sector no.6, Nerul, Navi Mumbai, Maharashtra 400706, India",19.0438085,73.0091509,508.5,2825,? 450.00,"? 12,71,250.00",Premium,
Nerul,OCD-Obsessive Coffee Disorder,4.8,237,"Shop No.1, Sahara CHS, Plot 17, Seawoods West, Sector 40, Seawoods, Navi Mumbai, Maharashtra 400706, India",19.0217691,73.015453,1137.6,5925,? 550.00,"? 32,58,750.00",Premium,
Nerul,91 Palm Beach Cafe,4.4,523,"Shop 8, 9 & 10, The Affaires Building, Ground Floor, Palm Beach Rd, Sector 17, Sanpada, Navi Mumbai, Maharashtra 400703, India",19.0565828,73.0032037,2301.2,13075,? 450.00,"? 58,83,750.00",Popular,
Nerul,CAFE CHAI BAZAAR,4.8,79,"SHOP NO. 1, PLOT NO.95, SECTOR 18 A, NERUL (W) NAVI MUMBAI, Mumbai, Maharashtra 400706, India",19.0329871,73.0121187,379.2,1975,? 550.00,"? 10,86,250.00",Premium,
Nerul,Cafe Seawoodss,4.8,134,"SHOP NO.1A, CHS, Shreeji Plaza, PLOT NO.24, East, Seawoods Bridge, Sector 25, Navi Mumbai, Maharashtra 400706, India",19.0229163,73.0210748,643.2,3350,? 550.00,"? 18,42,500.00",Premium,
Nerul,EIGHTEEN PLUS CAFE,4.6,124,"91, Jagatguru Aadi Shankracharya Marg, Nerul East, Sector 19A, Nerul, Navi Mumbai, Maharashtra 400706, India",19.0247535,73.0222245,570.4,3100,? 450.00,"? 13,95,000.00",Premium,
Nerul,Cafe Creme nerul,4,127,"plot 22, Platinum Venecia, Nerul East, Sector 29, Nerul, Navi Mumbai, Maharashtra 400706, India",19.0370309,73.0189186,508,3175,? 350.00,"? 11,11,250.00",Popular,
Nerul,Earth Soul Cafe,4.8,1395,"Shop No. 13, Progressive's Sea Lounge, Plot No.44, Sector 15, CBD Belapur, Navi Mumbai, Maharashtra 400614, India",19.006477,73.0330764,6696,34875,? 550.00,"? 1,91,81,250.00",Premium,
Nerul,TALES OVER BEANS CAFE,4.5,739,"Shop no.8/9, Vasundhara Heights, Plot-no-5, Sector 11, Sanpada, Navi Mumbai, Maharashtra 400705, India",19.0556434,73.0150224,3325.5,18475,? 450.00,"? 83,13,750.00",Premium,
Nerul,The Pop's Caf?? - Chinese Food and Caf??,4.7,35,"Shop no. 26, Plot no. 13, Bhimashankar Shopping Complex, Nerul East, Sector 19A, Nerul, Navi Mumbai, Maharashtra 400706, India",19.0310687,73.0272435,164.5,875,? 550.00,"? 4,81,250.00",Premium,
Nerul,CAFE CREEMY,4.2,1160,"Shop No. 02, Seawood Acrcade society, Kamaladevi Birajdar Marg, opp. Saraswati bank, Sector 19A, Nerul, Navi Mumbai, Maharashtra 400706, India",19.029653,73.0230864,4872,29000,? 350.00,"? 1,01,50,000.00",Popular,
Nerul,Offline cafe,4.8,20,"Nerul East, Sector 13, Nerul, Navi Mumbai, Maharashtra 400607, India",19.0339052,73.026971,96,500,? 550.00,"? 2,75,000.00",Premium,
Nerul,CREAMY COOL Nerul,4.9,104,"Shop No.3, Plot B-104, Sector 23/B, Darave Rd, Nerul, Navi Mumbai, Maharashtra 400706, India",19.0237658,73.0194879,509.6,2600,? 550.00,"? 14,30,000.00",Premium,
Nerul,Aroma Chai & Snacks Cafe in Seawoods,4.6,241,"Seawoods West, Kendriya Vihar, Sector 40, Nerul, Navi Mumbai, Maharashtra 400706, India",19.0190925,73.0155246,1108.6,6025,? 450.00,"? 27,11,250.00",Premium,
Nerul,Aromas Cafe & Bistro,4,384,"Seawoods Grand Central, Plot No. R-1 second floor, Sector 40, Seawoods, Navi Mumbai, Maharashtra 400706, India",19.0211857,73.0195553,1536,9600,? 350.00,"? 33,60,000.00",Popular,
Nerul,Courtyard Pavilion,4.6,152,"Courtyard by Marriott, Sector 7, Nerul, Navi Mumbai, Maharashtra 400706, India",19.0433362,73.0270756,699.2,3800,? 450.00,"? 17,10,000.00",Premium,
Nerul,Aroma Chai & Snacks Cafe (Nerul Shiravane),4.4,54,"Morya Ceramics, Shop 2, Plot 582, Laxmi Niwas, Besides, Sector 1, Shiravane, Nerul, Navi Mumbai, Maharashtra 400706, India",19.0487496,73.0204827,237.6,1350,? 450.00,"? 6,07,500.00",Popular,
Nerul,Bites & Brew The Fusion Caf??,4.4,96,"Shop no.4,5,6, Everest Heights, Parsik Hill, Sector 26, CBD Belapur, Navi Mumbai, Maharashtra 400614, India",19.023695,73.0317656,422.4,2400,? 450.00,"? 10,80,000.00",Popular,
Nerul,The Atrangii House Sky Lounge,4.2,2630,"Palm Beach Rd, Sector 17, Sanpada, Navi Mumbai, Maharashtra 400705, India",19.0579721,73.0021244,11046,65750,? 350.00,"? 2,30,12,500.00",Popular,
Nerul,Sailors' Cafe,4.4,1068,"Sailors' Cafe, Shop no.9 CHS Belle Vista, Sector 15, CBD Belapur, Navi Mumbai, Maharashtra 400614, India",19.0070457,73.0336617,4699.2,26700,? 450.00,"? 1,20,15,000.00",Popular,
Nerul,Blue Tokai Coffee Roasters | Seawoods Nerul,4.4,208,"Shop No 6, 7, Ground Floor, Plot No 1, 1A, 1B, 1C, SHREEJI HEIGHTS, Sector-46/A, Sector 46A, Nerul, Navi Mumbai, Maharashtra 400706, India",19.0105447,73.0119741,915.2,5200,? 450.00,"? 23,40,000.00",Popular,
Nerul,Shree Nerul Cafe,4.2,322,"Shop Number 2-3, Sandeep Apartment, Plot Number A-197, near Balaji Mandir, Sector 20, Nerul, W, Navi Mumbai, Maharashtra 400706, India",19.0331084,73.0149055,1352.4,8050,? 350.00,"? 28,17,500.00",Popular,
Nerul,Big Boy Cake and Bakers/ GOAT Coffee Company,4.9,201,"Shop number 28, SHREEJI HEIGHTS, Sector-46/A, Nerul west, Seawoods, Navi Mumbai, Maharashtra 400706, India",19.0112536,73.0120163,984.9,5025,? 550.00,"? 27,63,750.00",Premium,
Nerul,Olde Baileys CafeÉ?õ,4.2,1599,"Shop No 4, Gahlot Majesty, Palm Beach Rd, Sector-46/A, Sector 46 A, Seawoods, Navi Mumbai, Maharashtra 400706, India",19.0102252,73.0123365,6715.8,39975,? 350.00,"? 1,39,91,250.00",Popular,
Nerul,The Cafe Hangout (Fast Food),3.7,340,"B001, Nerul Railway Station Complex Sector 15, Nerul West, Navi Mumbai, Maharashtra 400706, India",19.0339629,73.0187209,1258,8500,? 350.00,"? 29,75,000.00",Average,
Nerul,Treat and bite,4.4,37,"Amrita sadan chs , plot no : 13-14 , shop no : B, 16, Sector 20, Navi Mumbai, Maharashtra 400706, India",19.032525,73.0166474,162.8,925,? 450.00,"? 4,16,250.00",Popular,
Nerul,Coffee By Di Bella Belapur,4.4,565,"Shop 1, Sai Radiance, Sector 15, CBD Belapur, Navi Mumbai, Maharashtra 400614, India",19.0073912,73.034681,2486,14125,? 450.00,"? 63,56,250.00",Popular,
Nerul,Brew House Cafe,4.2,2443,"4, Arenja Plaza, Plot No: 52, Sector 15, CBD Belapur, Navi Mumbai, Maharashtra 400614, India",19.0099495,73.0326412,10260.6,61075,? 350.00,"? 2,13,76,250.00",Popular,
Nerul,Swords cafe,4.4,487,"Shop no 17/18, Belapur Sun City, Sector 15, CBD Belapur, Navi Mumbai, Maharashtra 400614, India",19.0077094,73.035688,2142.8,12175,? 450.00,"? 54,78,750.00",Popular,
Nerul,Cafe Crew,4.3,488,"Shop No- 13, Plot no- 41, Shree Ambika Niwas Landmark- L&T Grand central mall, Seawoods West, Sector 42, Seawoods, Navi Mumbai, Maharashtra 400706, India",19.0205099,73.0174935,2098.4,12200,? 350.00,"? 42,70,000.00",Popular,
Nerul,Starbucks,4.9,89,"Ground Floor, Beverly Park CHS, Palm Beach Rd, Sector 6, Nerul, Navi Mumbai, Maharashtra 400706, India",19.0434101,73.008622,436.1,2225,? 550.00,"? 12,23,750.00",Premium,
Nerul,Chaayos Cafe at Seawoods Grand Central Mall,3.9,1120,"1, Seawoods Station Rd, Sector 40, Seawoods, Navi Mumbai, Maharashtra 400706, India",19.0222176,73.0176194,4368,28000,? 350.00,"? 98,00,000.00",Average,
Nerul,"Mocha Kaffee, Seawoods",4.3,130,"LG-137, Nexus, Grand Central, Seawoods Station Rd, Nerul East, Sector 28, Seawoods, Navi Mumbai, Maharashtra 400706, India",19.0214441,73.0185237,559,3250,? 350.00,"? 11,37,500.00",Popular,
Nerul,Huddle & Score,4.3,114,"1, Plot No R1, L&T Seawoods Residences Phase, D8/01, Seawoods East, Nerul East, Sector 25, Nerul, Navi Mumbai, Maharashtra 400706, India",19.0213651,73.0211754,490.2,2850,? 350.00,"? 9,97,500.00",Popular,
Nerul,CAFE ONE THREE ONE,4.8,5,"Shop No, Cooperative Housing Society, Amrita Sadan, B-16, Sector 22, Nerul, Navi Mumbai, Maharashtra 400706, India",19.032508,73.0167632,24,125,? 550.00,"? 68,750.00",Premium,
Nerul,Chaai Centre Caf?? & Co-working,4.3,1180,"Shop No-14, Mayuresh Cosmos, Sector 11, CBD Belapur, Navi Mumbai, Maharashtra 400614, India",19.0157906,73.0412215,5074,29500,? 350.00,"? 1,03,25,000.00",Popular,
Nerul,Aroma Chai & Snacks Cafe (Juinagar),4.8,122,"Shop No 5, Aroma Chai, Shree Ganesh Apartment, Plot No 265, Sector 23, Juinagar, Navi Mumbai, Maharashtra 400705, India",19.0523265,73.0164734,585.6,3050,? 550.00,"? 16,77,500.00",Premium,
Nerul,TFB - THE FRY BOX,4.7,132,"Shop No. 08, Safal Pride, CHS, Nerul East, Sector 25, Nerul, Navi Mumbai, Maharashtra 400706, India",19.0237267,73.0235074,620.4,3300,? 550.00,"? 18,15,000.00",Premium,
Nerul,The Belgian Waffle Co,4.2,1216,"Shop No.3, Plot No.5, Mahavir Shopping Centre, Opposite Nerul Best Bus Depot, East, Sector 11, Nerul, Navi Mumbai, Maharashtra 400706, India",19.0391689,73.0201304,5107.2,30400,? 350.00,"? 1,06,40,000.00",Popular,
Nerul,Third Wave Coffee,4.8,330,"Shop No 4, V Times Square, Palm Beach Rd, Sector 15, CBD Belapur, Navi Mumbai, Maharashtra 400607, India",19.0119716,73.0357544,1584,8250,? 550.00,"? 45,37,500.00",Premium,
Nerul,70beans,4.5,171,"Shop No.17, Ground Floor, Citi Tower, Plot No-55, opposite Brew House Cafe, Sector 15, CBD Belapur, Navi Mumbai, Maharashtra 400614, India",19.0098559,73.033356,769.5,4275,? 450.00,"? 19,23,750.00",Premium,
Nerul,Dish n Dash Kaf??,4.4,34,"Shop no G 47 plot no 88, Hawares Centurion Mall, Nerul East, Sector 19A, Seawoods (E, Navi Mumbai, Maharashtra 400706, India",19.0248133,73.0215379,149.6,850,? 450.00,"? 3,82,500.00",Popular,
Nerul,Starbucks,4.4,4259,"Ground Floor, Nexus Seawoods, Railway Station, Sector 28, Seawoods, Navi Mumbai, Maharashtra 400706, India",19.021294,73.018043,18739.6,106475,? 450.00,"? 4,79,13,750.00",Popular,
Nerul,Aroma Chai & Snacks Cafe (Sanpada),4.6,163,"Shop 002, Abhimanyu-2 CHS, Off, Palm Beach Rd, beside Krishna Restaurant, opp. Suraj Hospital, Sector 1, Sanpada, Navi Mumbai, Maharashtra 400705, India",19.0629895,73.0057104,749.8,4075,? 450.00,"? 18,33,750.00",Premium,
Nerul,Chaat Cafe,3.6,168,"22C9+GJ8, Nerul East, Sector 40, Nerul, Navi Mumbai, Maharashtra 400706, India",19.021276,73.0190646,604.8,4200,? 350.00,"? 14,70,000.00",Average,
Nerul,Third Wave Coffee,4.8,44,"Shop No. 4 & 5, Ground Floor SHREEJI HEIGHTS, Sector-46/A, Nerul, Seawoods, Navi Mumbai, Maharashtra 400706, India",19.0104673,73.0120301,211.2,1100,? 550.00,"? 6,05,000.00",Premium,
Nerul,Parsik Adda,4.2,539,"Parsik Hill Rd, Sector 26, CBD Belapur, Navi Mumbai, Maharashtra 400614, India",19.0237419,73.0317748,2263.8,13475,? 350.00,"? 47,16,250.00",Popular,
Nerul,"Keventers - Seawoods, Mumbai",4.2,464,"Seawoods Station Rd, Nerul East, Sector 40, Nerul, Navi Mumbai, Mumbai, Maharashtra 400706, India",19.0211355,73.0191691,1948.8,11600,? 350.00,"? 40,60,000.00",Popular,
Nerul,Panache,4.5,692,"Shop no 24-26, Belapur Sun City, Sector 15, CBD Belapur, Navi Mumbai, Maharashtra 400614, India",19.0080593,73.0355425,3114,17300,? 450.00,"? 77,85,000.00",Premium,
Nerul,SKETCH The Cafe,4.6,7,"22CH+3PQ, Sector 23, Nerul, Navi Mumbai, Maharashtra 400614, India",19.0202033,73.029364,32.2,175,? 450.00,"? 78,750.00",Premium,
Nerul,CAFE ZEST,4.8,66,"Shop no-2, Sriji Seva, plot no -42, near Nexus Mall, Seawoods West, Sector 42, Seawoods, Navi Mumbai, Maharashtra 400706, India",19.0204932,73.0174907,316.8,1650,? 550.00,"? 9,07,500.00",Premium,
Nerul,Cafe 131,4.8,4,"B16, plot no, Amrita Sadan, 13 & 14, near old dwarka hotel, opposite Nerul railway station, Nerul East, Nerul West, Nerul, Navi Mumbai, Maharashtra 400706, India",19.0323433,73.016747,19.2,100,? 550.00,"? 55,000.00",Premium,
Nerul,apple zaffran cafe,4.4,7,"shop at, haware mall, Nerul East, Sector 19A, Nerul, Navi Mumbai, Maharashtra 400706, India",19.0246485,73.0221993,30.8,175,? 450.00,"? 78,750.00",Popular,
Nerul,PizzaExpress,4.6,739,"2nd Floor, Nexus Mall, F&B04, Air Space, Seawoods Station Rd, Nerul East, Sector 40, Seawoods, Navi Mumbai, Maharashtra 400706, India",19.0226994,73.0182714,3399.4,18475,? 450.00,"? 83,13,750.00",Premium,
Nerul,Hugs And Mugs,4.1,1273,"Bhoomi Tower, Simran Residency Service Road, Sector 4, Kharghar, Navi Mumbai, Maharashtra 410210, India",19.0337949,73.0637671,5219.3,31825,? 350.00,"? 1,11,38,750.00",Popular,
Panvel,Lake Side - Cafe & Eatery,4.3,851,"Plot 162, Cafe & Eatery, Lake Side, Sector-9, New Panvel East, Panvel, Navi Mumbai, Maharashtra 410206, India",19.0046845,73.123358,3659.3,21275,? 350.00,"? 74,46,250.00",Popular,
Panvel,Cafe Creme New Panvel,4.1,730,"Shop No.07, Sai Arcade, Plot no 20, Sector 15, New Panvel East, city, Navi Mumbai, Maharashtra 410206, India",18.9912427,73.1241196,2993,18250,? 350.00,"? 63,87,500.00",Popular,
Panvel,The trio delight cafe,4.2,194,"Shop no -12, Tulsi Heights Building, Chs Ltd, Plot no - 1, Gurudwara Rd, Sector 5, New Panvel East, Maharashtra 410206, India",19.0056205,73.1192943,814.8,4850,? 350.00,"? 16,97,500.00",Popular,
Panvel,CafeConfused,4.8,183,"shop no 9, PRECIOUS RESIDENCY, KK cinema road, near Dmart ready, Sector 19, Kamothe, Panvel, Navi Mumbai, Maharashtra 410209, India",19.0125658,73.0920079,878.4,4575,? 550.00,"? 25,16,250.00",Premium,
Panvel,Cafe Cheezy Bites,3.9,172,"Shop no.29-30, Neelkanth darshan,Plot No.124/4, near Nadkarani Hospital, Old Panvel, Mumbai, Maharashtra 410206, India",18.9933857,73.1140757,670.8,4300,? 350.00,"? 15,05,000.00",Average,
Panvel,Mumbai Culture Cafe,4.2,95,"Plot No.2, Rd Number 16, near ayushman clinic, Sector 19, New Panvel East, Panvel, Mumbai, Navi Mumbai, Maharashtra 410206, India",18.9973352,73.1219282,399,2375,? 350.00,"? 8,31,250.00",Popular,
Panvel,the wonders cafe,4.6,181,"Shop No-9, Sec-01, Om, Shri Niketan, Plot No-12a, Sector - 1, Khanda Colony, Panvel, Navi Mumbai, Maharashtra 410206, India",19.0082021,73.1095374,832.6,4525,? 450.00,"? 20,36,250.00",Premium,
Panvel,The Social - Bistro & Cafe,4.1,1301,"Shop No. 11, Ground Floor, Chs Ltd, Tulsi Heights Building, Plot No 1, Gurudwara Rd, Sector 5, New Panvel East, Panvel, Navi Mumbai, Maharashtra 410206, India",19.0054993,73.1193504,5334.1,32525,? 350.00,"? 1,13,83,750.00",Popular,
Panvel,Cafe 3D,4.3,1167,"Unnamed Road, Triveni Society, Sector 16, New Panvel East, Panvel, Navi Mumbai, Maharashtra 410206, India",18.9909482,73.1262308,5018.1,29175,? 350.00,"? 1,02,11,250.00",Popular,
Panvel,Caf?? Recycled,4.4,287,"SHOP NO. 13, GOBBLE ENTERPRISES, PRAJAPATI ARCADE CHS, PLOT NO. 22-23, Sector 15A, New Panvel East, Panvel, Navi Mumbai, Maharashtra 410206, India",18.9914849,73.1234416,1262.8,7175,? 450.00,"? 32,28,750.00",Popular,
Panvel,Star Cafe,4.9,108,"Shop No.18, Matruchaya CHS, CKT Collage Road, New Panvel (W, Sector - 13, Khanda Colony, Maharashtra 410206, India",19.0037194,73.1115803,529.2,2700,? 550.00,"? 14,85,000.00",Premium,
Panvel,Grub Box Cafe & Bistro,4.8,55,"Shop No -1,2,3, Devrshi Building, Plot No -6, Sector 4, New Panvel East, Panvel, Mumbai, Navi Mumbai, Maharashtra 410206, India",19.0018415,73.1175699,264,1375,? 550.00,"? 7,56,250.00",Premium,
Panvel,Cafe Nine,3.9,496,"Ckt College Rd, Sector 11, Khanda Colony, Panvel, Navi Mumbai, Maharashtra 410206, India",19.0015859,73.1116576,1934.4,12400,? 350.00,"? 43,40,000.00",Average,
Panvel,Twins Cafe,4.3,182,"Phoenix Heights Plot No. 56 Sector-17, Roadpali Rd, Roadpali, Kalamboli, Panvel, Navi Mumbai, Maharashtra 410218, India",19.0405299,73.0958872,782.6,4550,? 350.00,"? 15,92,500.00",Popular,
Panvel,46 cafe,4.5,98,"Shop no 3 plot no 6A City Park, near Kokan Deep Hotel, Sector - 13, Khanda Colony, Navi Mumbai, Maharashtra 410206, India",19.0057518,73.1111679,441,2450,? 450.00,"? 11,02,500.00",Premium,
Panvel,NJ Cafe,4.5,15,"SHOP NO.6 , Shri niketan CHS building, sector-1 , khanda colony, opposite to Mahatma School, New Panvel East, W, Navi Mumbai, Maharashtra 410206, India",19.008147,73.1092812,67.5,375,? 450.00,"? 1,68,750.00",Premium,
Panvel,Brewlogist caf??,4.6,41,"second floor, food court, bus depot, Orion mall, near Panvel, Panvel, Maharashtra 410206, India",18.9932642,73.1156281,188.6,1025,? 450.00,"? 4,61,250.00",Premium,
Panvel,Mount View Cafe & Bistro,4.4,69,"Pale Budruk, 105K, Panvel Vavanja Road, Panvel, Navi Mumbai, Pale Bk., Maharashtra 410208, India",19.0446286,73.1300004,303.6,1725,? 450.00,"? 7,76,250.00",Popular,
Panvel,Cafe Creme,4,491,"Shop No 8, Shri Niketan, Plot No 2, New, Sector - 1, Khanda Colony, Panvel, Navi Mumbai, Maharashtra 410206, India",19.0080255,73.1093441,1964,12275,? 350.00,"? 42,96,250.00",Popular,
Panvel,Cafe Woodstanza,3.9,288,"Shri Niketan, Tulsi Prerna Rd, Sector - 1, Khanda Colony, Panvel, Navi Mumbai, Maharashtra 410206, India",19.0080164,73.1093435,1123.2,7200,? 350.00,"? 25,20,000.00",Average,
Panvel,Cafe Chokolade,3.9,402,"Shop Number 9 Neelkanth Darshan Building, Old Panvel, Panvel, Maharashtra 410206, India",18.9935481,73.1146956,1567.8,10050,? 350.00,"? 35,17,500.00",Average,
Panvel,Big Daddy Cafe and Lounge,4.9,16,"Sector-1, New Panvel East, Panvel, Navi Mumbai, Maharashtra 410206, India",18.9968873,73.1175961,78.4,400,? 550.00,"? 2,20,000.00",Premium,
Panvel,The Ace Cafe,4.5,84,"The ACE Cafe, Near Pillai's College, Behind Swad Hotel, near Phoenix Stationery Shop, Triveni Society, Sector 16, New Panvel East, Panvel, Navi Mumbai, Maharashtra 410206, India",18.990201,73.1270966,378,2100,? 450.00,"? 9,45,000.00",Premium,
Panvel,Addicted cafe,4.6,29,"Addicted, Sector 11, Khanda Colony, Panvel, Navi Mumbai, Maharashtra 410206, India",19.0031561,73.1118715,133.4,725,? 450.00,"? 3,26,250.00",Premium,
Panvel,Breezy,4.9,24,"Darshan apartment, Oppo burlings, near dhutpapeshwar corner, Old Panvel, Navi Mumbai, Maharashtra 410206, India",18.991533,73.110829,117.6,600,? 550.00,"? 3,30,000.00",Premium,
Panvel,Engineer Da Cafe,5,50,"Shop No 14, Hari Madhur Milan Building, near Dmart, Sector 5, New Panvel East, Panvel, Navi Mumbai, Maharashtra 410206, India",19.0039359,73.1166092,250,1250,? 550.00,"? 6,87,500.00",Premium,
Panvel,Cj's Cafe,5,29,"Shop-4, Sai Paradise, plot - 100, Sector-1, New Panvel East, Panvel, Navi Mumbai, Maharashtra 410206, India",18.9993127,73.1179442,145,725,? 550.00,"? 3,98,750.00",Premium,
Panvel,Cafe Creme,4.1,602,"Shop No 12, Kunj Complex, Plot 47, near Budhavihar, Sector 11, Kamothe, Panvel, Navi Mumbai, Maharashtra 410209, India",19.0204933,73.0913916,2468.2,15050,? 350.00,"? 52,67,500.00",Popular,
Panvel,THE BOMBAY FRIES PANVEL,4,782,"opposite SHREE SAMARTH CHS LTD PLOT 16 SECTOR 16, near PILLAI COLLEGE, Sector 16, New Panvel East, Panvel, Navi Mumbai, Maharashtra 410206, India",18.989127,73.1273358,3128,19550,? 350.00,"? 68,42,500.00",Popular,
Panvel,Starbucks,4.7,929,"FP No 311, Orion Mall, Mumbai - Pune Expy, near Vijay Sales, Forest Colony, Panvel, Navi Mumbai, Maharashtra 410206, India",18.9933552,73.1156594,4366.3,23225,? 550.00,"? 1,27,73,750.00",Premium,
Panvel,Bob The Baker's Cafe,4.8,131,"Shop No 24 , plot no :29, Silver Crest, Sector-25, Kamothe, Panvel, Navi Mumbai, Maharashtra 410209, India",19.0096717,73.0995549,628.8,3275,? 550.00,"? 18,01,250.00",Premium,
Panvel,Cake and cafe,4.6,118,"PLOT-29, SILVERCREST CHS LTD, Shop-27, STATION, opposite KHANDESHWER, Sector-25, Kamothe, Maharashtra 410209, India",19.0099547,73.0994054,542.8,2950,? 450.00,"? 13,27,500.00",Premium,
Panvel,Earth Soul Cafe,4.8,1395,"Shop No. 13, Progressive's Sea Lounge, Plot No.44, Sector 15, CBD Belapur, Navi Mumbai, Maharashtra 400614, India",19.006477,73.0330764,6696,34875,? 550.00,"? 1,91,81,250.00",Premium,
Panvel,Cafe 3D,4.4,58,"Shop No- 01, Govind Garden, plot- 70, 410206, Old Panvel, Maharashtra 410206, India",18.9972714,73.1086598,255.2,1450,? 450.00,"? 6,52,500.00",Popular,
Panvel,Snowbite cafe,5,14,"Shri Gayatri CHS, Sector 11, Khanda Colony, Panvel, Navi Mumbai, Maharashtra 410206, India",19.0033953,73.1119075,70,350,? 550.00,"? 1,92,500.00",Premium,
Panvel,Offline Cafe,4.6,38,"Pratik Harmony CHS Shop no. 6, Plot no 35 Sec 20, Roadpali, Kalamboli, Maharashtra 410218, India",19.0359992,73.090155,174.8,950,? 450.00,"? 4,27,500.00",Premium,
Panvel,Spice Wadi,4,1396,"Bhagat Wadi, near Rajiv Gandhi Maidan, Sector 11, New Panvel East, Maharashtra 410206, India",18.9998666,73.127953,5584,34900,? 350.00,"? 1,22,15,000.00",Popular,
Panvel,Kanjee Cafe,5,26,"Shop no 01, Mahesh Heights, Plot no 97, Sect R3, Karanjade, Panvel, Navi Mumbai, Maharashtra 410206, India",18.986701,73.0938386,130,650,? 550.00,"? 3,57,500.00",Premium,
Panvel,cafe Nine,4.1,113,"Shop Number 7, Shubh Neel Shivam, Plot No.40, Sector 11, Kamothe, Panvel, Navi Mumbai, Maharashtra 410209, India",19.0191649,73.0918802,463.3,2825,? 350.00,"? 9,88,750.00",Popular,
Panvel,Tealogy,4.9,38,"Shop No 36 , Plot No 198/A/205/14 SHREE, Raje Complex, MTNL Rd, opposite Chhatrapati Shivaji Maharaj Chowk, Old Panvel, Panvel, Navi Mumbai, Maharashtra 410206, India",18.9874353,73.112693,186.2,950,? 550.00,"? 5,22,500.00",Premium,
Panvel,CHOCOLATE CLOUD CAFE,4.3,127,"Sector 2, AUTO STAND, Shop No 7, SADGURU APARTMENT, Karanjade, Raigad, Maharashtra 410206, India",18.9790554,73.0972324,546.1,3175,? 350.00,"? 11,11,250.00",Popular,
Panvel,The Poolside Restro,4.6,211,"105K, Panvel Vavanja Road, Village Pale Budruk, Panvel, Navi Mumbai, Pale Bk., Maharashtra 410208, India",19.045988,73.1285863,970.6,5275,? 450.00,"? 23,73,750.00",Premium,
Panvel,Friends cafe,4.6,27,"Roadpali Main Rd, Sector 20, Kalamboli, Panvel, Navi Mumbai, Maharashtra 410218, India",19.0363796,73.0923072,124.2,675,? 450.00,"? 3,03,750.00",Premium,
Panvel,CITY CAFE,4.2,5,"Shop No 6, MANGALMURTI APARTMENT, PARDESHI ALI, SAVARKAR CHOWK, near SAVARKAR, Manek Nagar, HOC Colony, Panvel, Chouk, Navi Mumbai, Maharashtra 410206, India",18.9916973,73.1094948,21,125,? 350.00,"? 43,750.00",Popular,
Panvel,My Baagaan,4.9,93,"7, Panvel Matheran Rd, Sukapur, Panvel, Navi Mumbai, Shilottar Raichur, Maharashtra 410206, India",19.0007684,73.1341755,455.7,2325,? 550.00,"? 12,78,750.00",Premium,
Panvel,CAFE GARAGE,4.9,25,"shop no 1, SAI SITARA BUILDING, near Mumbai - Pune Expressway, Sector 6, New Panvel East, Maharashtra 410206, India",19.0113191,73.1178571,122.5,625,? 550.00,"? 3,43,750.00",Premium,
Panvel,TAC-TiX,4.9,30,"Shop No.5 Sector No.16, Gini Park, Chs, Sector 16, New Panvel East, Panvel, Navi Mumbai, Maharashtra 410206, India",18.9884682,73.1279443,147,750,? 550.00,"? 4,12,500.00",Premium,
Panvel,Barbeque Nation - Mumbai - Panvel,4.1,3839,"3rd Floor, Orion Mall, Bus Depot, FP No 311, Mumbai - Pune Expy, Forest Colony, Panvel, Mumbai, Navi Mumbai, Maharashtra 410206, India",18.99299,73.1158742,15739.9,95975,? 350.00,"? 3,35,91,250.00",Popular,
Panvel,Cafe Creme Karanjade,4.4,48,"Vinayak Darpan, Jai Plaza, Shop Number 3 Vinayak darpan Building Plot Number 27 Sector 2 A, Karanjade, Panvel, Maharashtra 410206, India",18.9829191,73.0986953,211.2,1200,? 450.00,"? 5,40,000.00",Popular,
Panvel,Cafe Bubble Gum,4.3,28,"Sho No 3 Sairaj Building Plot Number 51, Sector 3, Karanjade, Panvel, Maharashtra 410206, India",18.9770926,73.1009927,120.4,700,? 350.00,"? 2,45,000.00",Popular,
Panvel,Red Box Cafe,4.9,15,"Shop no. 8 & 9, Osho Kabir CHS, New, Sector 10, Khanda Colony, Panvel, W, Navi Mumbai, Maharashtra 410206, India",19.0051181,73.1146073,73.5,375,? 550.00,"? 2,06,250.00",Premium,
Panvel,Brew House Cafe,4.2,2443,"4, Arenja Plaza, Plot No: 52, Sector 15, CBD Belapur, Navi Mumbai, Maharashtra 400614, India",19.0099495,73.0326412,10260.6,61075,? 350.00,"? 2,13,76,250.00",Popular,
Panvel,BUDDHA CAFE,3.8,215,"Shop no. 11, Gini Park, Plot no.26, near Pillai's College Girl's hostel, Sector 16, New Panvel East, Panvel, Navi Mumbai, Maharashtra 410206, India",18.9883577,73.1279793,817,5375,? 350.00,"? 18,81,250.00",Average,
Panvel,Dynabite Cafe,3.4,5,"Shop No. 4, Neel Orchid, Khanda Colony, Old Panvel, Shop Number 2, Neel Orchid Building, Plot Number 41, Sector 10, Panvel, Navi, Mumbai, Maharashtra 410206, India",19.0058902,73.1103704,17,125,? 350.00,"? 43,750.00",Average,
Panvel,"Sagar Kitchen, Banquet and Bar",4.1,502,"Plot No, Jetking, 143, Vasudev Balwant Phadke Rd, MCCH Society, Panvel, Navi Mumbai, Maharashtra 410206, India",18.9876456,73.1149946,2058.2,12550,? 350.00,"? 43,92,500.00",Popular,
Panvel,DP's Cafe,4.6,18,"Shop no.2 Nandgaon, near Sunshine Valley School, Panvel, Maharashtra 410221, India",18.9676284,73.1170818,82.8,450,? 450.00,"? 2,02,500.00",Premium,
Panvel,"Hungry Buds, Cafe n Chinese Cuisine",4.5,55,"Shop No 2,3,4, SAMARTH APARTMENT, near MARUTI HANUMAN MANDIR, Line Ali, Old Panvel, Panvel, Navi Mumbai, Maharashtra 410206, India",18.9900941,73.112466,247.5,1375,? 450.00,"? 6,18,750.00",Premium,
Panvel,Dream Cafe,4,8,"Dombala, Panvel, Navi Mumbai, Maharashtra 410206, India",18.9770927,73.1009925,32,200,? 350.00,"? 70,000.00",Popular,
Panvel,Panvel Upahar Gruha,4.3,310,"827, Mahatma Gandhi Rd, Tapal Naka, Old Panvel, Panvel, Navi Mumbai, Maharashtra 410206, India",18.9854024,73.1095136,1333,7750,? 350.00,"? 27,12,500.00",Popular,
Panvel,Malvan Tadka,4,2010,"Final Plot, Sai Arcade, 184, Shivaji Rd, opposite S.T.Stand, Old Panvel, Panvel, Navi Mumbai, Maharashtra 410206, India",18.992105,73.1152368,8040,50250,? 350.00,"? 1,75,87,500.00",Popular,
Kharghar,The Courtyard Cafe,4.6,643,"Shop. No. 1, Shah Prima, Sector 2, Kharghar, Navi Mumbai, Maharashtra 410210, India",19.0298105,73.0652002,2957.8,16075,? 450.00,"? 72,33,750.00",Premium,
Kharghar,Cafe Monza,4.3,4161,"Bhoomi Heights, WING-A, Kharghar Station Rd, Wing F, Sector 8, Kharghar, Navi Mumbai, Maharashtra 410210, India",19.0320564,73.0669871,17892.3,104025,? 350.00,"? 3,64,08,750.00",Popular,
Kharghar,Biker's Brewing Caf??,4.6,1201,"Glomax Mall, BBC, Cafeteria No.5, Sai Health Centre, Plot No.15, road, near petrol pump, Sector 2, Kharghar, Navi Mumbai, Maharashtra 410210, India",19.0292849,73.0657971,5524.6,30025,? 450.00,"? 1,35,11,250.00",Premium,
Kharghar,Brewers Bay,4.3,1632,"20, Kharghar Station Rd, Sector 2, Kharghar, Navi Mumbai, Maharashtra 410210, India",19.0297839,73.0653894,7017.6,40800,? 350.00,"? 1,42,80,000.00",Popular,
Kharghar,YVR Caf??,4.7,667,"Shop No: 1&2, Delta Central, Central Park Service Rd, Sector 23, Kharghar, Navi Mumbai, Maharashtra 410210, India",19.0547449,73.0678943,3134.9,16675,? 550.00,"? 91,71,250.00",Premium,
Kharghar,The Coffee Bistro,4.7,398,"Shop no. 6 & 7, Greenwood's Apt, Plot no 9-13,13A & 13B, Sector 34 E, Sector 35E, Kharghar, Navi Mumbai, Maharashtra 410210, India",19.0693311,73.0777238,1870.6,9950,? 550.00,"? 54,72,500.00",Premium,
Kharghar,Hugs And Mugs,4.1,1273,"Bhoomi Tower, Simran Residency Service Road, Sector 4, Kharghar, Navi Mumbai, Maharashtra 410210, India",19.0337949,73.0637671,5219.3,31825,? 350.00,"? 1,11,38,750.00",Popular,
Kharghar,Vivace Cafe,4.7,284,"Shop no. 10, Plot Number 9, Sai Saakshaat, CHS, Sector 6, Kharghar, Navi Mumbai, Maharashtra 410210, India",19.0451892,73.0633682,1334.8,7100,? 550.00,"? 39,05,000.00",Premium,
Kharghar,La Farine Patisserie and Cafe,4.6,339,"Shop No.6, Sadguru Tower, Central Park Metro Rd, Sector-19, Kharghar, Navi Mumbai, Maharashtra 410210, India",19.048718,73.0757545,1559.4,8475,? 450.00,"? 38,13,750.00",Premium,
Kharghar,Cafe Creme Kharghar,4,504,"Shilp Chowk, Sector 21, Kharghar, Navi Mumbai, Maharashtra 410210, India",19.0478853,73.0685302,2016,12600,? 350.00,"? 44,10,000.00",Popular,
Kharghar,Mocha Kaffee,4.6,194,"Shop no 39, Hiranandani Crystal Plaza, Sector 7, Kharghar, Navi Mumbai, Maharashtra 410210, India",19.033505,73.065546,892.4,4850,? 450.00,"? 21,82,500.00",Premium,
Kharghar,Blumingo Art Cafe Kharghar,4.4,73,"Shop No 9, Bhoomi Heights, Plot 5 & 6, Wing F, Sector 8, Kharghar, Navi Mumbai, Maharashtra 410210, India",19.0320564,73.0669871,321.2,1825,? 450.00,"? 8,21,250.00",Popular,
Kharghar,Chaayos Cafe at Kharghar,4.6,260,"Unit No 16 & 17,Little world Mall, Sector 2, Kharghar, Mumbai, Maharashtra 410210, India",19.0307741,73.0666229,1196,6500,? 450.00,"? 29,25,000.00",Premium,
Kharghar,Od??s Kaffeina,4.7,112,"Shop No. 32, GROWMORE TOWER, Sector 2, Kharghar, Navi Mumbai, Maharashtra 410210, India",19.0297513,73.0635479,526.4,2800,? 550.00,"? 15,40,000.00",Premium,
Kharghar,Roadies Koffeehouz,4.7,189,"Shop No 9 and 10, Bhagwati Greens, 1, Central Park Rd, Sector 23, Kharghar, Navi Mumbai, Maharashtra 410210, India",19.0528858,73.0668318,888.3,4725,? 550.00,"? 25,98,750.00",Premium,
Kharghar,Cafe Connect Kharghar,4.9,121,"Shop 23&24, Grow more Tower, Plot no: 5, Sector: 2, Kharghar, Navi Mumbai, Maharashtra 410210, India",19.0296619,73.0633173,592.9,3025,? 550.00,"? 16,63,750.00",Premium,
Kharghar,Vibes Cafe Kharghar,4.9,42,"GOODWILL GARDEN, Shop no 8A/9A, Plot 15/16, Sector 8, Kharghar, Navi Mumbai, Maharashtra 410210, India",19.0336729,73.0694888,205.8,1050,? 550.00,"? 5,77,500.00",Premium,
Kharghar,Grand century restaurant and cafe,4,243,"FIRST FLOOR, VISHWAKARMA TOWER, PLOT 4, near GOLF COURSE AND ISKON TEMPLE, Sector 21, Kharghar, Navi Mumbai, Maharashtra 410210, India",19.0499919,73.0649772,972,6075,? 350.00,"? 21,26,250.00",Popular,
Kharghar,Sailors' Cafe,4.4,1068,"Sailors' Cafe, Shop no.9 CHS Belle Vista, Sector 15, CBD Belapur, Navi Mumbai, Maharashtra 400614, India",19.0070457,73.0336617,4699.2,26700,? 450.00,"? 1,20,15,000.00",Popular,
Kharghar,Coffee By Di Bella Belapur,4.4,565,"Shop 1, Sai Radiance, Sector 15, CBD Belapur, Navi Mumbai, Maharashtra 400614, India",19.0073912,73.034681,2486,14125,? 450.00,"? 63,56,250.00",Popular,
Kharghar,Barista - Kharghar,4.3,936,"SHAH HEIGHTS BLOCK-B, Shah Heights, Shop 14/15, Sector 7, Kharghar, Navi Mumbai, Maharashtra 410210, India",19.0354015,73.0673214,4024.8,23400,? 350.00,"? 81,90,000.00",Popular,
Kharghar,Swords Cafe Kharghar,4.3,68,"Shop no 7/8 3, Bhagwati Greens, Plot no-7, Central Park Service Rd, near Iskcon temple, Sector 23, Kharghar, Navi Mumbai, Maharashtra 410210, India",19.0550818,73.0671112,292.4,1700,? 350.00,"? 5,95,000.00",Popular,
Kharghar,Swords cafe,4.4,487,"Shop no 17/18, Belapur Sun City, Sector 15, CBD Belapur, Navi Mumbai, Maharashtra 400614, India",19.0077094,73.035688,2142.8,12175,? 450.00,"? 54,78,750.00",Popular,
Kharghar,Cafe Foodies Club,4.4,39,"Shop no. 6, Shah Prima, Plot No. 13, Sector 2, Kharghar, Navi Mumbai, Maharashtra 410210, India",19.0298295,73.0653517,171.6,975,? 450.00,"? 4,38,750.00",Popular,
Kharghar,Chaai Centre Caf?? & Co-working,4.3,1180,"Shop No-14, Mayuresh Cosmos, Sector 11, CBD Belapur, Navi Mumbai, Maharashtra 400614, India",19.0157906,73.0412215,5074,29500,? 350.00,"? 1,03,25,000.00",Popular,
Kharghar,The SMOQUE Cafe',4,821,"3 plot no E, bus stops, Shiv Krupa sector 3 Belpada kharghar opps railway station Shiv krupa chs sector, 68, Belpada Rd, next to nift institute, opposite realway station, Sector 3, Belpada, Kharghar, Navi Mumbai, Maharashtra 410210, India",19.0284693,73.0593711,3284,20525,? 350.00,"? 71,83,750.00",Popular,
Kharghar,Caf?? Cr??me,4.2,1194,"Shop No:27, ITM College Rd, Sector 4, Kharghar, Navi Mumbai, Maharashtra 410210, India",19.0337622,73.0637554,5014.8,29850,? 350.00,"? 1,04,47,500.00",Popular,
Kharghar,Caf?? Coffee Day,4.1,1008,"No. 7 & 8, Prajapati Gaurav, Station Rd, Sector 2, Kharghar, Navi Mumbai, Maharashtra 410210, India",19.0306552,73.0648129,4132.8,25200,? 350.00,"? 88,20,000.00",Popular,
Kharghar,MUMBAI BISTRO - THE CAFE (KHARGHAR),4.3,65,"Shop no.25, Hiranandani Crystal Plaza, Sector 7, Kharghar, Navi Mumbai, Maharashtra 410210, India",19.033505,73.065546,279.5,1625,? 350.00,"? 5,68,750.00",Popular,
Kharghar,Bob The Baker's Cafe,4.8,131,"Shop No 24 , plot no :29, Silver Crest, Sector-25, Kamothe, Panvel, Navi Mumbai, Maharashtra 410209, India",19.0096717,73.0995549,628.8,3275,? 550.00,"? 18,01,250.00",Premium,
Kharghar,Olde Baileys Cafe,4.6,53,"Shop no. 1, Sai Saakshaat, Sector no. 6, Kharghar, Navi Mumbai, Maharashtra 410210, India",19.0446759,73.0632415,243.8,1325,? 450.00,"? 5,96,250.00",Premium,
Kharghar,Olde Baileys CafeÉ?õ,4.2,1599,"Shop No 4, Gahlot Majesty, Palm Beach Rd, Sector-46/A, Sector 46 A, Seawoods, Navi Mumbai, Maharashtra 400706, India",19.0102252,73.0123365,6715.8,39975,? 350.00,"? 1,39,91,250.00",Popular,
Kharghar,METRO MOCHA CAFE É??ã?è,4.6,56,"Proviso Apartment, Sector 34 E, Sector 35E, Kharghar, Navi Mumbai, Maharashtra 410210, India",19.0693126,73.0762325,257.6,1400,? 450.00,"? 6,30,000.00",Premium,
Kharghar,Deep's cafe,4.7,19,"Shop No -04, Plot No 6, MONARCH LUXURIA, Vastu Vihar Rd, Sector 18, Kharghar, Navi Mumbai, Maharashtra 410210, India",19.0454494,73.0810168,89.3,475,? 550.00,"? 2,61,250.00",Premium,
Kharghar,"Le Cafe | Best European Cafe in Chembur, Mumbai",4.4,3152,"Jewel of chembur, Rd No. 1, opp. Bmc OFFice, near Natraj Cinema, Chembur Gaothan, Chembur, Mumbai, Maharashtra 400071, India",19.0615942,72.899741,13868.8,78800,? 450.00,"? 3,54,60,000.00",Popular,
Kharghar,Panache,4.4,78,"Shop No. 5, Shah Prima, Sector 2, Kharghar, Navi Mumbai, Maharashtra 410210, India",19.0298105,73.0652002,343.2,1950,? 450.00,"? 8,77,500.00",Popular,
Kharghar,Utsav Momo Cafe,3.2,1702,"Fountain Square Mall, Shop No.8,, Plot No.5, Utsaw Chowk Perimeter Rd, Sector 7, Kharghar, Navi Mumbai, Maharashtra 410210, India",19.0357374,73.0630705,5446.4,42550,? 350.00,"? 1,48,92,500.00",Average,
Kharghar,3Wicket Cafe,4.9,13,"Shop no. 8, SEAWOOD HERITAGE, opp. Yerla Medical College, Sector 4, Kharghar, Navi Mumbai, Maharashtra 410210, India",19.0324454,73.0600912,63.7,325,? 550.00,"? 1,78,750.00",Premium,
Kharghar,Third Wave Coffee,4.9,420,"Equinox Tower 3, Lal Bahadur Shastri Road, Road, off BKC, Ambedkar Nagar, Kurla, Mumbai, Maharashtra 400070, India",19.0718611,72.8765556,2058,10500,? 550.00,"? 57,75,000.00",Premium,
Kharghar,Bites & Brew The Fusion Caf??,4.4,96,"Shop no.4,5,6, Everest Heights, Parsik Hill, Sector 26, CBD Belapur, Navi Mumbai, Maharashtra 400614, India",19.023695,73.0317656,422.4,2400,? 450.00,"? 10,80,000.00",Popular,
Kharghar,KIOSK KAFFEE,4.7,232,"Shop-4, Rishab Complex, plot-5A, Belpada Rd, beside Bal Bharti Public school, Sector 4, Kharghar, Navi Mumbai, Maharashtra 410210, India",19.0341635,73.0629407,1090.4,5800,? 550.00,"? 31,90,000.00",Premium,
Kharghar,Chai matki cafe,4.7,61,"SHOP NO-13, CHS LTD, Elite Enclave, PLOT NO-260, Anushaktinagar, Sector 10, Kharghar, Mumbai, Navi Mumbai, Maharashtra 410210, India",19.0362318,73.0776046,286.7,1525,? 550.00,"? 8,38,750.00",Premium,
Kharghar,Brew House Cafe,4.2,2443,"4, Arenja Plaza, Plot No: 52, Sector 15, CBD Belapur, Navi Mumbai, Maharashtra 400614, India",19.0099495,73.0326412,10260.6,61075,? 350.00,"? 2,13,76,250.00",Popular,
Kharghar,Tata Starbucks,4.5,378,"BLOCK-4, Shree Krishna Paradise, Sector 12, Kharghar, Navi Mumbai, Maharashtra 410210, India",19.0425071,73.0640247,1701,9450,? 450.00,"? 42,52,500.00",Premium,
Kharghar,"Bubble Trouble by Cakes & Candies (Bubble Tea, Boba Tea) / Kharghar",4.6,102,"Shop No. 4, Dream Tower, Plot No. E 93, Sector 3, Belpada, Kharghar, Navi Mumbai, Maharashtra 410210, India",19.0297926,73.059505,469.2,2550,? 450.00,"? 11,47,500.00",Premium,
Kharghar,Momo magic cafe,4.6,10,"Balaji Angan, Sector 4, Kharghar, Navi Mumbai, Maharashtra 410210, India",19.0296705,73.0603581,46,250,? 450.00,"? 1,12,500.00",Premium,
Kharghar,The Belgian Waffle Co,4.2,1331,"Plot no 5 & 6, Bhoomi Heights, Shop No-8, Sector 8, Kharghar, Mumbai, Maharashtra 410210, India",19.032081,73.0669532,5590.2,33275,? 350.00,"? 1,16,46,250.00",Popular,
Kharghar,Sandwich Junction Kharghar - The best Sandwich shop in Navi Mumbai,4.7,311,"Metro Pillar Number 164, Shop No.12, Plot 48, Amrut Dhara Complex Infront of, Sector 20, Kharghar, Navi Mumbai, Maharashtra 410210, India",19.0495264,73.0754682,1461.7,7775,? 550.00,"? 42,76,250.00",Premium,
Kharghar,Retro Cafe,4.2,200,"Sector 11, CBD Belapur, Navi Mumbai, Maharashtra 400614, India",19.0171971,73.044353,840,5000,? 350.00,"? 17,50,000.00",Popular,
Kharghar,M.I.B - Modern Indian Bistro,4.6,106,"Shop no 06, Shankeshwar heights, Block G, Sector 11, Kharghar, Navi Mumbai, Maharashtra 410210, India",19.039454,73.0714534,487.6,2650,? 450.00,"? 11,92,500.00",Premium,
Kharghar,The Flame Cafe,4.2,6,"Shop no 14, HARDROCK BUILDING, Plot no. 6 to 10, Sector 7, Kharghar, Navi Mumbai, Maharashtra 410210, India",19.0366989,73.063909,25.2,150,? 350.00,"? 52,500.00",Popular,
Kharghar,Saias The Food Library,4.7,58,"BHOOMI TOWER SHOP NO-28 , PLOT-28, Sector 4, Kharghar, Navi Mumbai, Maharashtra 410210, India",19.0337249,73.0637211,272.6,1450,? 550.00,"? 7,97,500.00",Premium,
Kharghar,LOKAL CAFE & BISTRO,4.1,808,"Shop No: 2,3 & 4, Seawood Avenue, Sector 3, Belpada, Kharghar, Navi Mumbai, Maharashtra 410210, India",19.0274469,73.0579339,3312.8,20200,? 350.00,"? 70,70,000.00",Popular,
Kharghar,MAISON DE CAF??,4.2,28,"Courtyard by Marriott, Sector 7, Nerul, Navi Mumbai, Maharashtra 400706, India",19.0433125,73.0270625,117.6,700,? 350.00,"? 2,45,000.00",Popular,
Kharghar,MiNi Treats,4.1,24,"Plot No-04, Shop No-06, Krishna Tower, Sector 35E, Kharghar, Navi Mumbai, Maharashtra 410210, India",19.0696099,73.0758757,98.4,600,? 350.00,"? 2,10,000.00",Popular,
Kharghar,Grace Restaurant Kharghar,4.2,935,"Shop No 15, Goodwill Paradise, Plot 24, near Dmart, Gharkul, Sector 15, Kharghar, Navi Mumbai, Maharashtra 410210, India",19.040276,73.0764775,3927,23375,? 350.00,"? 81,81,250.00",Popular,
Kharghar,TM Kitchen Kharghar,4.1,513,"Shop no 36/37, Green heritage chs, plot no 78, Jalvayu Rd, Sector 20, Kharghar, Navi Mumbai, Maharashtra 410210, India",19.0523392,73.0707011,2103.3,12825,? 350.00,"? 44,88,750.00",Popular,
Kharghar,Pranaam Fine Dine & Banquets,4,4460,"Shop 23-24, plot no-B/2B,A, 24/c, Utsav Chowk - CISF Rd, Sector 12, Kharghar, Navi Mumbai, Maharashtra 410210, India",19.0449776,73.0643891,17840,111500,? 350.00,"? 3,90,25,000.00",Popular,
Kharghar,Heaven & Herbs,5,13,"Shop No. 9, ADHIRAJ COMPLEX, Plot No. 8, Wing F, Sector 8, Kharghar, Navi Mumbai, Maharashtra 410210, India",19.0323315,73.0678512,65,325,? 550.00,"? 1,78,750.00",Premium,
Kharghar,Grabrews Cold Coffee & Shakes,5,29,"Sector 33, Kharghar, Navi Mumbai, Maharashtra 410210, India",19.0649301,73.0777632,145,725,? 550.00,"? 3,98,750.00",Premium,
Dharavi,Cafe Istaa,4.4,3106,"New CHS Ltd, 12A/1, RL Kelkar Rd, Sion West, Sion, Mumbai, Maharashtra 400022, India",19.04191,72.8611228,13666.4,77650,? 450.00,"? 3,49,42,500.00",Popular,
Dharavi,Third Wave Coffee,4.7,1415,"Unit no.58, Ground, Ram Mahal, Tip Road, Senapati Bapat Marg, Station, Mahim, Mumbai, Maharashtra 400016, India",19.0408896,72.8462018,6650.5,35375,? 550.00,"? 1,94,56,250.00",Premium,
Dharavi,Raj Parota Stall,4.4,76,"Block No 12, East, 90 Feet Rd, Transit Camp, Rajiv Gandhi Nagar, Dharavi, Mumbai, Maharashtra 400017, India",19.041802,72.8564897,334.4,1900,? 450.00,"? 8,55,000.00",Popular,
Dharavi,Mokai Cafe,4.5,543,"Chapel Rd, St Sebastian Colony, Ranwar, Bandra West, Mumbai, Maharashtra 400050, India",19.0524466,72.8285898,2443.5,13575,? 450.00,"? 61,08,750.00",Premium,
Dharavi,Citizen restaurant,3.9,759,"90 Feet Rd, Muslim Nagar, Kumbhar Wada, Dharavi, Mumbai, Maharashtra 400017, India",19.0466139,72.8602665,2960.1,18975,? 350.00,"? 66,41,250.00",Average,
Dharavi,THE FOOD STUDIO Kitchen And BAR,4.4,20,"2VR2+CWP, 60 Feet Rd, RP Nagar, Dharavi, Mumbai, Maharashtra 400017, India",19.0410942,72.8523321,88,500,? 450.00,"? 2,25,000.00",Popular,
Dharavi,Cafe Madras??ã?è,4.4,24600,"GROUND FLOOR, KAMAKSHI BUILDING, 391/B, Bhaudaji Rd, Matunga East, Mumbai, Maharashtra 400019, India",19.0276203,72.8550415,108240,615000,? 450.00,"? 27,67,50,000.00",Popular,
Dharavi,Cafe Arfa Hotel,4,295,"2RVX+C7R, Dharavi Main Rd, Shammi Nagar, Dharavi, Mumbai, Maharashtra 400017, India",19.0436229,72.848144,1180,7375,? 350.00,"? 25,81,250.00",Popular,
Dharavi,Hotel Cafe Rahi,4.9,33,"2VV5+H34, 90 Feet Rd, Sion Dharavi, Dharavi, Mumbai, Maharashtra 400017, India",19.0438982,72.8577062,161.7,825,? 550.00,"? 4,53,750.00",Premium,
Dharavi,Coffee By Di Bella Mahim,4.2,4162,"West Wind Apartment, West Wind Building, Cadell Road, Mahim West, Kataria Colony, Shivaji Park, Swatantryaveer Savarkar Rd, above Cafe Di Bella, near Hinduja Hospitals, Dadar, Mumbai, Maharashtra 400016, India",19.0315287,72.8388039,17480.4,104050,? 350.00,"? 3,64,17,500.00",Popular,
Dharavi,SANSAR HOTEL,3.9,936,"90 Feet Rd, Sai Baba Nagar, Dharavi, Mumbai, Maharashtra 400017, India",19.0451125,72.8586422,3650.4,23400,? 350.00,"? 81,90,000.00",Average,
Dharavi,New Hotel Selvi,3.8,366,"Shop B- 200, 90 Feet Rd, near Kamraj School, P.K. Kunte Nagar, Dharavi, Mumbai, Maharashtra 400017, India",19.0415204,72.8557457,1390.8,9150,? 350.00,"? 32,02,500.00",Average,
Dharavi,Tasty Parota Corner,4.1,1096,"07, Block, 11, 90 Feet Rd, Block Number 11, Transit Camp, Rajiv Gandhi Nagar, Dharavi, Mumbai, Maharashtra 400017, India",19.0420498,72.8564757,4493.6,27400,? 350.00,"? 95,90,000.00",Popular,
Dharavi,Cafe Milan Restaurant,4.3,18,"MS/RB-T46, Lal Bahadur Shastri Marg, Mahanagar Palika Vasahat, Dharavi, Mumbai, Maharashtra 400017, India",19.0479246,72.8633526,77.4,450,? 350.00,"? 1,57,500.00",Popular,
Dharavi,Amba Bhavan Coffee Club,4.3,1817,"King's Circle Flyover, 373, Bhandarkar Rd, Matunga East, Mumbai, Maharashtra 400019, India",19.0272942,72.8546203,7813.1,45425,? 350.00,"? 1,58,98,750.00",Popular,
Dharavi,Jhakas Family Restaurant,3.8,1008,"Sion-Bandra Link Rd, Tjunction, Dharavi, Mumbai, Maharashtra 400017, India",19.0470198,72.8523258,3830.4,25200,? 350.00,"? 88,20,000.00",Average,
Dharavi,Cafe Rahat,4.3,54,"G-34, Sulochana Shetty Marg, Muslim Nagar, Matunga Labour Camp, Dharavi, Mumbai, Maharashtra 400019, India",19.0381578,72.8533231,232.2,1350,? 350.00,"? 4,72,500.00",Popular,
Dharavi,Earth Cafe @ Waterfield,4.4,1445,"Durga Chambers, Waterfield Road, above Pernia's Pop Up MEN, Bandra West, Mumbai, Maharashtra 400050, India",19.0590714,72.834038,6358,36125,? 450.00,"? 1,62,56,250.00",Popular,
Dharavi,Sunder Vilas,3.9,303,"90 Feet Rd, Muslim Nagar, RP Nagar, Dharavi, Mumbai, Maharashtra 400017, India",19.0386286,72.8539169,1181.7,7575,? 350.00,"? 26,51,250.00",Average,
Dharavi,Saheel Restaurant,3.9,1381,"Shop No 5.6 Gupta Chawl, Kalakilla, Dharavi, Mumbai, Maharashtra 400017, India",19.0474107,72.860755,5385.9,34525,? 350.00,"? 1,20,83,750.00",Average,
Dharavi,Rehmat Restaurant & Caterers,4.1,2387,"47, Anarya CHS, Jasmine Mill Road,Matunga Labour, Camp, Matunga, opp. Geetanjali Building, Mumbai, Maharashtra 400019, India",19.0387905,72.8508833,9786.7,59675,? 350.00,"? 2,08,86,250.00",Popular,
Dharavi,ARIK RESTAURANT,4,54,"Chamda Bazar, Dharavi Main Rd, Habib Nagar, Sheshwadi, Dharavi, Mumbai, Maharashtra 400017, India",19.043817,72.8513741,216,1350,? 350.00,"? 4,72,500.00",Popular,
Dharavi,Dharavi Restaurant,3.8,192,"Mahim east sallu seth compund, near sunni jama masjid, Mumbai, Maharashtra 400017, India",19.0437178,72.8511756,729.6,4800,? 350.00,"? 16,80,000.00",Average,
Dharavi,Bombay Coffee House,4.2,3019,"248, Neelkamal Building, Waterfield Road, opposite National College, Bandra West, Mumbai, Maharashtra 400050, India",19.0632296,72.8347585,12679.8,75475,? 350.00,"? 2,64,16,250.00",Popular,
Dharavi,Cafe Mysore,4.2,5086,"Durlabh Niwas, 1/461, Dr Babasaheb Ambedkar Marg, Opp B.N. Maheshwari Udyan, Matunga East, Mumbai, Maharashtra 400019, India",19.0276064,72.8555044,21361.2,127150,? 350.00,"? 4,45,02,500.00",Popular,
Dharavi,Cafe Milan Hotel,4.2,32,"IGC Chawl, Dharavi Main Rd, Mahim(E, Dharavi, Mumbai, Maharashtra 400017, India",19.0438511,72.8505867,134.4,800,? 350.00,"? 2,80,000.00",Popular,
Dharavi,Modern Lunch Home,4.1,3187,"5 Harak Niwas, Opposite Bank Of Baroda, Near Railway Station, Station Rd, Sion West, Sion, Mumbai, Maharashtra 400022, India",19.0452945,72.8642225,13066.7,79675,? 350.00,"? 2,78,86,250.00",Popular,
Dharavi,Malhari Chai(Azhari Cafe),3.9,17,"Shop No 13A, Lavji Bhimji Chawl, Kader Maidan, Bhatiya Nagar, Dharavi, Mumbai, Maharashtra 400017, India",19.0430558,72.850999,66.3,425,? 350.00,"? 1,48,750.00",Average,
Dharavi,New Welcome Tea,3.8,94,"2VW5+6Q6, 90 Feet Rd, Dharavi Slums, Laxmi Baug, Dharavi, Mumbai, Maharashtra 400017, India",19.0455482,72.859398,357.2,2350,? 350.00,"? 8,22,500.00",Average,
Dharavi,New Cafe Bharath,3.4,37,"2VQ2+R4R Post Office, Jasmine Mill Rd, opposite Shau Nagar, Mahim East, Shammi Nagar, Dharavi, Mumbai, Maharashtra 400019, India",19.0396209,72.8502754,125.8,925,? 350.00,"? 3,23,750.00",Average,
Dharavi,"Grandmama's Cafe, Dadar East",4.1,8457,"Dharamputra Pritam Estate, 20 & 21, Dr Babasaheb Ambedkar Marg, Dadar East, Dadar, Mumbai, Maharashtra 400014, India",19.0168049,72.8461869,34673.7,211425,? 350.00,"? 7,39,98,750.00",Popular,
Dharavi,Jennifer Cyber Cafe,3.5,110,"D-3, Takandas Kataria Marg, Matunga Labour Camp, Dharavi, Mumbai, Maharashtra 400019, India",19.0374566,72.8530779,385,2750,? 350.00,"? 9,62,500.00",Average,
Dharavi,Sai Dream Cyber Cafe,4.2,41,"Shop no.1, Row -K, Block -10, Off Dharavi police Station, 90 feet Road, Transit Camp, Rajiv Gandhi Nagar, Dharavi, Mumbai, Maharashtra 400017, India",19.0428576,72.8572824,172.2,1025,? 350.00,"? 3,58,750.00",Popular,
Dharavi,Bismillah Restaurant,4,1427,"Matunga labour Camp 60 Feet Road, Sant Kabir Marg, opp. Kumbharwada, Mumbai, Maharashtra 400019, India",19.0380352,72.8535442,5708,35675,? 350.00,"? 1,24,86,250.00",Popular,
Dharavi,Food lee's,4.3,28,"Indra chawl, B/32, Dharavi Cross Rd, Palkar Chawl, Dharavi, Mumbai, Maharashtra 400017, India",19.0424218,72.8535605,120.4,700,? 350.00,"? 2,45,000.00",Popular,
Dharavi,Usmaniya Restaurant,4,236,"60 feet road A.K.G Nagar Mumbai maharashtra 17, Mumbai, Maharashtra 400017, India",19.043221,72.847907,944,5900,? 350.00,"? 20,65,000.00",Popular,
Dharavi,Abhinav Family Bar and Reasaurant,4,71,"2RWX+762, Mahim - Sion Link Rd, Naya Nagar, Navrang Compound, Dharavi, Mumbai, Maharashtra 400017, India",19.0456292,72.848023,284,1775,? 350.00,"? 6,21,250.00",Popular,
Dharavi,CAFE INDIA,4.5,4,"SHOP NO B7, DAMAR COMPANY, 90 Feet Rd, Mukund Nagar, Sion, Mumbai, Maharashtra 400017, India",19.0462652,72.8577506,18,100,? 450.00,"? 45,000.00",Premium,
Dharavi,Cafe Zam Zam,3.9,10,"2RVX+C2C, Dharavi Main Rd, Mahim East, Shammi Nagar, Dharavi, Mumbai, Maharashtra 400017, India",19.0435623,72.847506,39,250,? 350.00,"? 87,500.00",Average,
Dharavi,SHABNAM TEA HOUSE,5,1,"9, Dharavi Main Rd, Chanda Bazar, Sheshwadi, Dharavi, Mumbai, Maharashtra 400017, India",19.0449559,72.8525669,5,25,? 550.00,"? 13,750.00",Premium,
Dharavi,The Sassy Caf??,3.8,54,"Jio World Drive, Bandra Kurla Complex, Bandra East, Mumbai, Maharashtra 400051, India",19.0537642,72.8516735,205.2,1350,? 350.00,"? 4,72,500.00",Average,
Dharavi,Labour Camp Irani Restaurant,3.7,1095,"2VP3+549, Matunga Labour Camp, Dharavi, Mumbai, Maharashtra 400019, India",19.035401,72.8528563,4051.5,27375,? 350.00,"? 95,81,250.00",Average,
Dharavi,Humble Express,4.8,260,"R1, Ankita Apartments, Navghar Rd, Ambedkar Nagar, Mulund East, Mumbai, Maharashtra 400081, India",19.051199,72.8641837,1248,6500,? 550.00,"? 35,75,000.00",Premium,
Dharavi,Devraj Bar & Restaurant,3.7,66,"2VR4+RC8, 90 Feet Rd, Balaji Nagar, Dharavi, Mumbai, Maharashtra 400017, India",19.0420361,72.8560766,244.2,1650,? 350.00,"? 5,77,500.00",Average,
Dharavi,Gurukripa,4.3,35428,"40, Rd Number 24, near Sies College Of Arts, Science & Commerce, Sion West, Sion, Mumbai, Maharashtra 400022, India",19.0429043,72.8618765,152340.4,885700,? 350.00,"? 30,99,95,000.00",Popular,
Dharavi,Cafe Azeez,5,1,"Jasmine Mill Rd, Baliga Nagar, kamla Nagar, Shammi Nagar, Dharavi, Mumbai, Maharashtra 400017, India",19.0417082,72.848399,5,25,? 550.00,"? 13,750.00",Premium,
Dharavi,Kareemi Restaurant,4,235,"46, Kuttiwadi Cross Rd, Habib Nagar, Sheshwadi, Dharavi, Mumbai, Maharashtra 400017, India",19.0441161,72.8514261,940,5875,? 350.00,"? 20,56,250.00",Popular,
Dharavi,New Sahil Restaurant,4.2,29,"Rajendra Prasad Nagar, 60 Feet Road, opp. Hanware Height, Muslim Nagar, Matunga Labour Camp, Dharavi, Mumbai, Maharashtra 400019, India",19.0381036,72.8534197,121.8,725,? 350.00,"? 2,53,750.00",Popular,
Dharavi,I CAFE (Bandra West),4.7,261,"Ranwar, Bandra West, Mumbai, Maharashtra 400050, India",19.0519426,72.829369,1226.7,6525,? 550.00,"? 35,88,750.00",Premium,
Dharavi,Cafe BANDRA,4.2,967,"3R6J+XCM, Mumbai Pali, Village, Bandra West, Mumbai, Maharashtra 400050, India",19.0624709,72.8310496,4061.4,24175,? 350.00,"? 84,61,250.00",Popular,
Dharavi,Victory Cafe,4.2,25,"2VV7+XR4, Sion Railway Colony, Chunabhatti, Sion, Mumbai, Maharashtra 400022, India",19.0448923,72.8645847,105,625,? 350.00,"? 2,18,750.00",Popular,
Dharavi,PONDICH??RY CAF?? - ALL-DAY DINING,4.5,2570,"C 57, G Block BKC, Bandra Kurla Complex, Bandra East, Mumbai, Maharashtra 400051, India",19.067784,72.8689718,11565,64250,? 450.00,"? 2,89,12,500.00",Premium,
Dharavi,Cafe Junction Veg And Nonveg,3.2,5,"2VW2+PVM, Sion-Bandra Link Rd, I Block BKC, Sheshwadi, Bandra East, Mumbai, Maharashtra 400017, India",19.0468493,72.8521323,16,125,? 350.00,"? 43,750.00",Average,
Dharavi,Noor Mohammadi Restaurant Dharavi,3.4,24,"Dharavi Main Rd, Mahim East, Navrang Compound, Dharavi, Mumbai, Maharashtra 400017, India",19.043825,72.8483355,81.6,600,? 350.00,"? 2,10,000.00",Average,
Dharavi,Cafe Golden Sweets & Milk Dairy,3.8,11,"3V28+52X, Station Marg, Dharavi Depot Rd, Naik Nagar, Sion West, Mumbai, Maharashtra 400022, India",19.0505066,72.8651084,41.8,275,? 350.00,"? 96,250.00",Average,
Dharavi,Nude Food Cafe,4.5,774,"364, Dhuru Apartment, Swatantryaveer Savarkar Rd, Dadar West, Prabhadevi, Mumbai, Maharashtra 400028, India",19.0195391,72.8318982,3483,19350,? 450.00,"? 87,07,500.00",Premium,
Dharavi,Sudarshan Veg & Non Veg,3.9,482,"90 Feet Rd, Block Number 11, Transit Camp, Rajiv Gandhi Nagar, Dharavi, Mumbai, Maharashtra 400017, India",19.0423171,72.8567221,1879.8,12050,? 350.00,"? 42,17,500.00",Average,
Dharavi,ZAM ZAM RESTAURANT,5,5,"lok seva co-operative society shop no1 90feet road, Dharavi, Mumbai, Maharashtra 400017, India",19.0462276,72.8596002,25,125,? 550.00,"? 68,750.00",Premium,
Dharavi,Apna family restaurant,3.6,211,"2VR4+H89, P.K. Kunte Nagar, Kamala Nehru Nagar, Rajiv Gandhi Nagar, Dharavi, Mumbai, Maharashtra 400017, India",19.0413589,72.8559175,759.6,5275,? 350.00,"? 18,46,250.00",Average,
Dharavi,Boojee Cafe,4.5,3809,"Shop No 6, New Kantwadi Rd, off Perry Cross Road, Bandra West, Mumbai, Maharashtra 400050, India",19.0605979,72.82439,17140.5,95225,? 450.00,"? 4,28,51,250.00",Premium,
Powai,Aromas Caf?? & Bistro,4.3,9381,"Ventura Building, G6, Central Ave, opposite DMart, Hiranandani Gardens, Powai, Mumbai, Maharashtra 400076, India",19.1169277,72.9098968,40338.3,234525,? 350.00,"? 8,20,83,750.00",Popular,
Powai,Poetry by Love and Cheesecake,4.4,2129,"City Park, Central Ave, Hiranandani Gardens, Powai, Mumbai, Maharashtra 400076, India",19.1156838,72.9090305,9367.6,53225,? 450.00,"? 2,39,51,250.00",Popular,
Powai,Blue Tokai Coffee Roasters | Powai,4.2,397,"G-01, Ventura, Central Ave, near Hiranandani Business Park, Hiranandani Gardens, Powai, Mumbai, Maharashtra 400076, India",19.117205,72.9096863,1667.4,9925,? 350.00,"? 34,73,750.00",Popular,
Powai,"Chaayos Cafe - Hiranandani, Powai",4,4099,"Unit No 07 Ground Floor, Ventura Building, Hiranandani Gardens, Powai, Mumbai, Maharashtra 400076, India",19.1160562,72.9089775,16396,102475,? 350.00,"? 3,58,66,250.00",Popular,
Powai,Lake View Cafe,4.7,7350,"The Westin Mumbai Powai Lake, Plot No 2 & 3B, Saki Vihar Rd, near Chinmayanand Ashram, Powai, Mumbai, Maharashtra 400087, India",19.1343351,72.9013529,34545,183750,? 550.00,"? 10,10,62,500.00",Premium,
Powai,CAFE DNA POWAI,4.7,22,"502, DNA 360, Knowledge Park Near Hiranandani Hospital, Powai, Mumbai, Maharashtra 400076, India",19.1201615,72.9163083,103.4,550,? 550.00,"? 3,02,500.00",Premium,
Powai,Powai Social,4.2,4372,"Delphi B Wing, 6, Orchard Ave, Hiranandani Gardens, Panchkutir Ganesh Nagar, Powai, Mumbai, Maharashtra 400076, India",19.1205079,72.9092782,18362.4,109300,? 350.00,"? 3,82,55,000.00",Popular,
Powai,Caf?? Coffee Day,3.8,736,"Haiko Mall, Central Ave, Hiranandani Gardens, Powai, Mumbai, Maharashtra 400076, India",19.1186878,72.9113581,2796.8,18400,? 350.00,"? 64,40,000.00",Average,
Powai,SHIRUCAFE IIT Bombay,4.5,853,"Powai campus, First floor between L1 & L2 building, IIT, Powai, Mumbai, Maharashtra 400076, India",19.1307887,72.9172407,3838.5,21325,? 450.00,"? 95,96,250.00",Premium,
Powai,Madeira & Mime Powai,4.5,6775,"Trans Ocean House, Lake Blvd Rd, Hiranandani Gardens, MHADA Colony 19, Powai, Mumbai, Maharashtra 400076, India",19.1200909,72.9070655,30487.5,169375,? 450.00,"? 7,62,18,750.00",Premium,
Powai,abCoffee Powai,4.8,172,"Anmol Building Pawai V Complex, Shop No. 29, Gems CHS Powai Vihar Complex, Lake Homes Private Rd, MHADA Colony 20, Powai, Mumbai, Maharashtra 400076, India",19.1164771,72.9015793,825.6,4300,? 550.00,"? 23,65,000.00",Premium,
Powai,Cafe 92,4.1,333,"PC Saxena Auditorium, Academic Section, IIT Area, Powai, Mumbai, Maharashtra 400076, India",19.1321775,72.9159372,1365.3,8325,? 350.00,"? 29,13,750.00",Popular,
Powai,Caf?? Coffee Day,4,1373,"3 & 4 Ground Floor, Jheel Darshan, Jogeshwari - Vikhroli Link Rd, opposite Powai Lake, Rambaug, MHADA Colony 20, Powai, Mumbai, Maharashtra 400076, India",19.1195766,72.9010912,5492,34325,? 350.00,"? 1,20,13,750.00",Popular,
Powai,Mia Cucina,4.2,2522,"G3, Transocean House, Hiranandani Business Park, Lake Blvd Rd, Hiranandani Gardens, MHADA Colony 19, Powai, Mumbai, Maharashtra 400076, India",19.1199886,72.9071051,10592.4,63050,? 350.00,"? 2,20,67,500.00",Popular,
Powai,The Sassy Spoon Powai,4.2,1327,"B-Wing, Delphi Building, Restaurant 1A Binge Central, 1st Floor, Orchard Ave, Hiranandani Gardens, Panchkutir Ganesh Nagar, Powai, Mumbai, Maharashtra 400076, India",19.1204914,72.9090513,5573.4,33175,? 350.00,"? 1,16,11,250.00",Popular,
Powai,"Theobroma Bakery and Cake Shop - Powai, Mumbai",4.4,4025,"SHOP NUMBER 8, GROUND FLOOR, Central Ave, next to Kotak Bank, Hiranandani Gardens, Powai, Mumbai, Maharashtra 400076, India",19.1156677,72.9089397,17710,100625,? 450.00,"? 4,52,81,250.00",Popular,
Powai,The Finch Mumbai,4.1,4794,"Shah Industrial Estate, Bus Stop, Saki Vihar Rd, opposite to Huntsman Building, next to John Baker, Ganesh Nagar, Marol, Andheri East, Mumbai, Maharashtra 400072, India",19.1149653,72.8888968,19655.4,119850,? 350.00,"? 4,19,47,500.00",Popular,
Powai,Bombay To Barcelona Library Cafe,4.6,2589,"Timmy Arcade, 778, Makwana Rd, Gamdevi, Marol, Andheri East, Mumbai, Maharashtra 400059, India",19.1094204,72.8811811,11909.4,64725,? 450.00,"? 2,91,26,250.00",Premium,
Powai,Bayroute Powai,4.4,3358,"Office No. 4 (4th Floor, 4W94+WWF One Boulevard, Transocean House Lake Boulevard Road,Hiranandani Business Park, Lake Blvd Rd, Hiranandani Gardens, MHADA Colony 19, Powai, Mumbai, Maharashtra 400076, India",19.1201698,72.9070085,14775.2,83950,? 450.00,"? 3,77,77,500.00",Popular,
Powai,Starbucks,4.4,850,"Hiranandani Business Park, Prudential Building, Powai, Mumbai, Maharashtra 400076, India",19.116104,72.909806,3740,21250,? 450.00,"? 95,62,500.00",Popular,
Powai,ARC Powai É??Lounge É?õ Rooftop,4.6,147,"ARC Powai, Opp Powai Lake Adi Shankaracharya Marg, Jogeshwari - Vikhroli Link Rd, Panchkutir Ganesh Nagar, Powai, Mumbai, Maharashtra 400076, India",19.122349,72.9086351,676.2,3675,? 450.00,"? 16,53,750.00",Premium,
Powai,Travancore Cafe,4,428,"Ground Floor, Travancore Cafe, near Datta Samant Bungalow, Chaitanya Nagar, IIT Market, Powai, Mumbai, Maharashtra 400076, India",19.1251616,72.9193495,1712,10700,? 350.00,"? 37,45,000.00",Popular,
Powai,SMOOR Lounge - Powai,4.4,342,"Shop G1A, Delphi, Hiranandani Business Park, Hiranandani Gardens, Panchkutir Ganesh Nagar, Powai, Mumbai, Maharashtra 400076, India",19.1198661,72.9089501,1504.8,8550,? 450.00,"? 38,47,500.00",Popular,
Powai,Eve,4.4,2632,"Sentinel, Hiranandani Gardens, Panchkutir Ganesh Nagar, Powai, Mumbai, Maharashtra 400076, India",19.1234246,72.9124696,11580.8,65800,? 450.00,"? 2,96,10,000.00",Popular,
Powai,Rude Lounge,4.2,16998,"B-Wing, SERVICE OFFICE, 8th Floor, South Avenue, Hiranandani Gardens, Powai, Mumbai, Maharashtra 400076, India",19.1109527,72.9082967,71391.6,424950,? 350.00,"? 14,87,32,500.00",Popular,
Powai,The 2nd wife caf?? & restaurant,4.3,352,"Junction, Krishanlal Marwah Marg, Ansa Industrial Estate, Chandivali, Andheri East, Mumbai, Maharashtra 400072, India",19.1100461,72.8880038,1513.6,8800,? 350.00,"? 30,80,000.00",Popular,
Powai,Hitchki Powai,4.2,11298,"G5, Transocean house, Lake Boulevard Rd. Hiranandani Business Park, near Kaya skin clinic, Powai, Mumbai, Maharashtra 400076, India",19.1199167,72.9071313,47451.6,282450,? 350.00,"? 9,88,57,500.00",Popular,
Powai,Bombay Island Coffee Company | Vikhroli,4.6,284,"GODREJ ONE, Shop #4, Tower C, Retail Street, The Trees, Pirojshanagar, Vikhroli, Mumbai, Maharashtra 400079, India",19.0931472,72.9202385,1306.4,7100,? 450.00,"? 31,95,000.00",Premium,
Powai,Grandmama's Cafe - Ghatkopar,4.2,1699,"R City Mall, Ground Floor, Courtyard, Ghatkopar West, Mumbai, Maharashtra 400086, India",19.0993558,72.9163421,7135.8,42475,? 350.00,"? 1,48,66,250.00",Popular,
Powai,The Game Ranch,4.2,749,"1st floor, Delphi Building, Delphi Orchard Avenue, Unit No. 2, B-Wing, Hiranandani Gardens, Panchkutir Ganesh Nagar, Powai, Mumbai, Maharashtra 400076, India",19.1204914,72.9090513,3145.8,18725,? 350.00,"? 65,53,750.00",Popular,
Powai,Cafe coffee day (CCD),3.9,108,"opposite Kendriya Vidyalaya, IIT Area, Powai, Mumbai, Maharashtra 400076, India",19.1300053,72.9187901,421.2,2700,? 350.00,"? 9,45,000.00",Average,
Powai,Starbucks,4.5,316,"No G2, Ground Floor, Orchard Ave, Hiranandani Gardens, MHADA Colony 19, Powai, Mumbai, Maharashtra 400076, India",19.119739,72.9080499,1422,7900,? 450.00,"? 35,55,000.00",Premium,
Powai,Mirchi & Mime,4.6,12095,"Transocean House, Lake Blvd Rd, Hiranandani Gardens, MHADA Colony 19, Powai, Mumbai, Maharashtra 400076, India",19.1198088,72.9073412,55637,302375,? 450.00,"? 13,60,68,750.00",Premium,
Powai,Yuhi,3.9,673,"8th floor, Yuhi lounge, A-WING, SUPREME BUSINESS PARK, Hiranandani Gardens, Powai, Mumbai, Maharashtra 400076, India",19.1117472,72.9095143,2624.7,16825,? 350.00,"? 58,88,750.00",Average,
Powai,Blue Tokai Coffee Roasters | Nahar,4.4,19,"Shop No 14, Amaryllis Tower, Nahar Amrit Shakti, LOK Milan Colony, Chandivali, Powai, Mumbai, Maharashtra 400072, India",19.1124703,72.8977069,83.6,475,? 450.00,"? 2,13,750.00",Popular,
Powai,Foo Powai,4.3,866,"B-Wing, Delphi Building, Ground Floor, Orchard Ave, Powai, Mumbai, Maharashtra 400076, India",19.1205588,72.9093514,3723.8,21650,? 350.00,"? 75,77,500.00",Popular,
Powai,Civil Engineering Students Lounge and Cafe,4.2,65,"3rd floor, Civil Dept, IIT Area, Powai, Mumbai, Maharashtra 400076, India",19.1326837,72.9164247,273,1625,? 350.00,"? 5,68,750.00",Popular,
Powai,POMONACafe,4.6,29,"Hiranandani Business Park, shop no 121, First Floor, Powai Plaza, Mumbai, Maharashtra 400076, India",19.1189791,72.9125121,133.4,725,? 450.00,"? 3,26,250.00",Premium,
Powai,Gurukripa,4.2,9186,"Saki Vihar Rd, opp. 55 Corporate Avenue, Muranjan Wadi, Marol, Powai, Mumbai, Maharashtra 400072, India",19.1169634,72.8890994,38581.2,229650,? 350.00,"? 8,03,77,500.00",Popular,
Powai,THE WADAPAV CAFE - ELITE,4,43,"Shop No. 61, Galleria Shopping Mall, Central Ave, Hiranandani Gardens, Panchkutir Ganesh Nagar, Powai, Mumbai, Maharashtra 400076, India",19.1191569,72.9119591,172,1075,? 350.00,"? 3,76,250.00",Popular,
Powai,JW Cafe,4.6,2453,"Chhatrapati Shivaji International Airport Area, Navpada, Vile Parle East, Vile Parle, Mumbai, Maharashtra 400099, India",19.103168,72.877702,11283.8,61325,? 450.00,"? 2,75,96,250.00",Premium,
Powai,Elementaria Bakery Cafe,4.3,36,"DAFFODIL BUILDING, Central Ave, Hiranandani Gardens, Powai, Mumbai, Maharashtra 400076, India",19.1151279,72.907099,154.8,900,? 350.00,"? 3,15,000.00",Popular,
Powai,Third Wave Coffee,4.8,786,"R City Mall, G 73A, Lal Bahadur Shastri Marg, Amrut Nagar, Ghatkopar West, Mumbai, Maharashtra 400086, India",19.0996976,72.9166685,3772.8,19650,? 550.00,"? 1,08,07,500.00",Premium,
Powai,Love & Latte R-City,4.5,808,"3rd, Lal Bahadur Shastri Marg, Amrut Nagar, Ghatkopar West, Mumbai, Maharashtra 400086, India",19.0999087,72.9171456,3636,20200,? 450.00,"? 90,90,000.00",Premium,
Powai,Da Studio Cafe,4.6,93,"Ground floor , Plot No 1 , Compound. 1, Marol Cooperative Industrial Estate, Marol Maroshi Rd, Marol, Andheri East, Mumbai, Maharashtra 400059, India",19.1131891,72.8821277,427.8,2325,? 450.00,"? 10,46,250.00",Premium,
Powai,Opa! Bar & Cafe,3.9,929,"Sakinaka Junction Hotel Peninsula Grand, Lokmanya Tilak Nagar, Andheri East, Mumbai, Maharashtra 400072, India",19.1024026,72.8884132,3623.1,23225,? 350.00,"? 81,28,750.00",Average,
Powai,Sandwich Coffee House,4.6,5,"Shop 121, 1st Floor, Powai Plaza, Hiranandani Gardens, Sainath Nagar, Powai, Mumbai, Maharashtra 400076, India",19.123392,72.913145,23,125,? 450.00,"? 56,250.00",Premium,
Powai,Cafe O,4.1,259,"2, Sagar Pallazio, Sakinaka, Magan Nathuram Rd, opposite Hotel Chakra, Safed Pul, Andheri East, Mumbai, Maharashtra 400072, India",19.1033051,72.8863421,1061.9,6475,? 350.00,"? 22,66,250.00",Popular,
Powai,Chili's American Grill & Bar,4,7739,"Ventura Building, 13, Ventura Bldg Hiranandani Business Park, 400076, Central Ave, Hiranandani Gardens, Powai, Mumbai, Maharashtra 400076, India",19.1162981,72.9091613,30956,193475,? 350.00,"? 6,77,16,250.00",Popular,
Powai,Independence Brewing Company - Powai,4.4,1233,"Unit 1, Ground Floor, Ventura Building, Central Ave, Hiranandani Gardens, Powai, Mumbai, Maharashtra 400076, India",19.1162033,72.9090406,5425.2,30825,? 450.00,"? 1,38,71,250.00",Popular,
Powai,Cafe Unwind by INOX R-City Ghatkopar,4.5,172,"R City Mall, Lal Bahadur Shastri Marg, Amrut Nagar, Ghatkopar West, Mumbai, Maharashtra 400086, India",19.0996607,72.9160211,774,4300,? 450.00,"? 19,35,000.00",Premium,
Powai,Birdy's Bakery & Patisserie,4.2,168,"Lake Club, Lake Homes, Complex, Chandivali Farm Rd, Powai, Mumbai, Maharashtra 400076, India",19.1152393,72.9011218,705.6,4200,? 350.00,"? 14,70,000.00",Popular,
Powai,Mantra Dining Bar,4.3,4724,"Powai Plaza, Hiranandani Gardens, Sainath Nagar, Powai, Mumbai, Maharashtra 400076, India",19.1233253,72.9131088,20313.2,118100,? 350.00,"? 4,13,35,000.00",Popular,
Powai,Chaayos Cafe at IIT Bombay,3.4,39,"CTS No - 68, Nr Telephone Exchange Office IIT, Students' Residential Zone, IIT Area, Powai, Mumbai, Maharashtra 400076, India",19.1344778,72.9100394,132.6,975,? 350.00,"? 3,41,250.00",Average,
Powai,maplepods@mumbai,3.5,61,"Saki Naka, Junction, Lokmanya Tilak Nagar, Andheri East, Mumbai, Maharashtra 400072, India",19.0998163,72.8891074,213.5,1525,? 350.00,"? 5,33,750.00",Average,
Powai,Sesami,4.2,539,"1st floor, Rodas Hotel, Hiranandani Gardens, Powai, Mumbai, Maharashtra 400076, India",19.1184598,72.9115652,2263.8,13475,? 350.00,"? 47,16,250.00",Popular,
Powai,Hangout Cakes & Gourmet Foods,4.5,156,"Jheel Darshan, Rambaug, MHADA Colony 20, Powai, Mumbai, Maharashtra 400076, India",19.1196121,72.9011986,702,3900,? 450.00,"? 17,55,000.00",Premium,
Powai,Sassy Teaspoon,4.2,75,"B-Wing, Delphi Building, Restaurant 1A Binge Central, 1st, Orchard Ave, Hiranandani Gardens, Panchkutir Ganesh Nagar, Powai, Mumbai, Maharashtra 400076, India",19.1204914,72.9090513,315,1875,? 350.00,"? 6,56,250.00",Popular,
Powai,ChEA canteen,4.9,18,"4WJ9+46H, IIT Area, Powai, Mumbai, Maharashtra 400076, India",19.1303072,72.9181111,88.2,450,? 550.00,"? 2,47,500.00",Premium,
Powai,Origami Japanese & Korean Restaurant,4.3,1671,"SERVICE OFFICE, Hiranandani Gardens, Powai, Mumbai, Maharashtra 400076, India",19.1112431,72.9087669,7185.3,41775,? 350.00,"? 1,46,21,250.00",Popular,
Chembur,"Le Cafe | Best European Cafe in Chembur, Mumbai",4.4,3152,"Jewel of chembur, Rd No. 1, opp. Bmc OFFice, near Natraj Cinema, Chembur Gaothan, Chembur, Mumbai, Maharashtra 400071, India",19.0615942,72.899741,13868.8,78800,? 450.00,"? 3,54,60,000.00",Popular,
Chembur,Grandmama's All Day Cafe,4.2,10165,"Ground Floor, Sunny Estate, Sion - Trombay Rd, Chembur, Mumbai, Maharashtra 400071, India",19.053038,72.897681,42693,254125,? 350.00,"? 8,89,43,750.00",Popular,
Chembur,71 TALES - BAR & CAFE,4.2,1460,"Unit 16-C, Sion - Trombay Rd, inside Asha Studio, near RK Studio, Union Park, Chembur, Mumbai, Maharashtra 400071, India",19.0474153,72.9069367,6132,36500,? 350.00,"? 1,27,75,000.00",Popular,
Chembur,Blue Tokai Coffee Roasters | Chembur,4.3,346,"Unit No.001 and 101, Ground, Ujagar Chambers, Compound, Deonar, Govandi East, Mumbai, Maharashtra 400088, India",19.0469871,72.9109944,1487.8,8650,? 350.00,"? 30,27,500.00",Popular,
Chembur,N?ß-tree Smoothies Cafe,4.9,130,"shop 3, Nityanand Baug society, Chembur Colony, Azad Nagar, Chembur, Mumbai, Maharashtra 400074, India",19.0418268,72.8938323,637,3250,? 550.00,"? 17,87,500.00",Premium,
Chembur,Shy Cafe and Bar,4,453,"Ground Floor, Cubic Mall, opp. BORLA SOCIETY, Vasant Vihar Complex, Chembur, Mumbai, Maharashtra 400074, India",19.0455665,72.9031014,1812,11325,? 350.00,"? 39,63,750.00",Popular,
Chembur,Tulum Coffee Bar - Chembur,4.4,29,"KUKREJA ARCADE, 19th Rd, Chembur Gaothan, Chembur, Mumbai, Maharashtra 400071, India",19.0603613,72.8989154,127.6,725,? 450.00,"? 3,26,250.00",Popular,
Chembur,The Bread Bar,4.2,664,"Unit No. 2 and 3, Shah Industrial Estate, Deonar, Chembur, Mumbai, Maharashtra 400088, India",19.0512018,72.9181163,2788.8,16600,? 350.00,"? 58,10,000.00",Popular,
Chembur,Cafenately Coffee - Chembur,4.6,101,"Shop No. 3, Coral Classic Commercial Complex, 20th Rd, Chembur Gaothan, Chembur, Mumbai, Maharashtra 400071, India",19.0596884,72.8989684,464.6,2525,? 450.00,"? 11,36,250.00",Premium,
Chembur,Steamy Mugs,4.5,2253,"Bldg No: 11, Shop No: 1, Pushpanjali CHS, next to Krushna Classes, near Sahyadri Ground, Tilak Nagar, Chembur, Mumbai, Maharashtra 400089, India",19.0701205,72.8975121,10138.5,56325,? 450.00,"? 2,53,46,250.00",Premium,
Chembur,Chembur cafe & Hotel,4.2,46,"Ramakrishna Chemburkar Marg, opp. jama masjid, Ashok Nagar, Collector Colony, Chembur, Mumbai, Maharashtra 400074, India",19.048492,72.893211,193.2,1150,? 350.00,"? 4,02,500.00",Popular,
Chembur,Cafe Flavours,4.9,94,"Shop 7, Durga Sadan, Rd Number 12, Chembur West, Tilak Nagar, Kurla, Mumbai, Maharashtra 400089, India",19.0701826,72.8981756,460.6,2350,? 550.00,"? 12,92,500.00",Premium,
Chembur,GregÉ??s Cafe,4.7,175,"Shop No. 102, 1st Floor, Yash Signature, the main road, opp. Telecom Factory Road, CHS, Deonar, On, Mumbai, Maharashtra 400088, India",19.0444645,72.9176599,822.5,4375,? 550.00,"? 24,06,250.00",Premium,
Chembur,Third Wave Coffee,4.5,644,"Ground Floor, Vasudev Bhavan, 10th Road, Near, DK Sandu Marg, opposite Chembur Post office, Chembur, Mumbai, Maharashtra 400071, India",19.0565807,72.8978112,2898,16100,? 450.00,"? 72,45,000.00",Premium,
Chembur,"Parichai, Espress Yourself",4.6,504,"Building no. 15, Sarva Mangal towers, Shop no, 4, West, opp. Sahyadri Garden, Tilak Nagar, Chembur, Mumbai, Maharashtra 400089, India",19.0693972,72.8969296,2318.4,12600,? 450.00,"? 56,70,000.00",Premium,
Chembur,Kayko Terrace Cafe,4.2,66,"2nd floor, Amul commercial society Ltd E, Rd No. 1, opp. BMC Office, Chembur Gaothan, Chembur, Mumbai, Maharashtra 400071, India",19.0612198,72.8993783,277.2,1650,? 350.00,"? 5,77,500.00",Popular,
Chembur,Kerala Cafe,4.1,1338,"VN Purav Marg, next to Naturals Ice Cream, Diamond Garden, Chembur, Mumbai, Maharashtra 400071, India",19.052778,72.8995981,5485.8,33450,? 350.00,"? 1,17,07,500.00",Popular,
Chembur,Chembur SOCIAL,4.1,2057,"CG Rd Natraj Compound, Near, Chatrapati Shivaji Maharaj Chowk, Union Park, Chembur, Mumbai, Maharashtra 400074, India",19.0460424,72.9082384,8433.7,51425,? 350.00,"? 1,79,98,750.00",Popular,
Chembur,Cafe Old Friends,4.9,72,"Shop No. 26, Pink Corner, Nichaldas Market, Sindhi Society, Chembur, Mumbai, Maharashtra 400071, India",19.051893,72.8899834,352.8,1800,? 550.00,"? 9,90,000.00",Premium,
Chembur,Poetry by Love and Cheesecake,4.2,278,"Shop no 4, Fairlawn CHS, VN Purav Marg, opp. K Star Mall, near Near Bank of Baroda, Dreamland Society, Borla, Union Park, Chembur, Mumbai, Maharashtra 400071, India",19.0514591,72.9020431,1167.6,6950,? 350.00,"? 24,32,500.00",Popular,
Chembur,Bean Kaffee,4.7,175,"Shop no.5, Bldg no.10, Durga Sadan, Society, Chembur West, Tilak Nagar, Chembur, Mumbai, Maharashtra 400089, India",19.0701863,72.8980865,822.5,4375,? 550.00,"? 24,06,250.00",Premium,
Chembur,Barista,4,1417,"Shop No 1, Garden Apartment, opp. K Star Mall, Dreamland Society, Borla, Union Park, Chembur, Mumbai, Maharashtra 400071, India",19.0519127,72.9007784,5668,35425,? 350.00,"? 1,23,98,750.00",Popular,
Chembur,The East End Deli,4.2,413,"Plot No, 70C, Central Ave Rd, Mahadeo Wadi, Chembur Gaothan, Chembur, Mumbai, Maharashtra 400071, India",19.0614822,72.9004301,1734.6,10325,? 350.00,"? 36,13,750.00",Popular,
Chembur,Bloom Cafe,4.6,121,"Shop 4, Bldg no 5, Matruchaya C.H.S, opposite Universal school, Gulshan Baug, Chembur West, Tilak Nagar, Chembur, Mumbai, Maharashtra 400089, India",19.0693093,72.8994533,556.6,3025,? 450.00,"? 13,61,250.00",Premium,
Chembur,Mani's cafe,4.3,1225,"opposite Fine arts, Chembur Gaothan, Chembur, Mumbai, Maharashtra 400071, India",19.0617241,72.8980372,5267.5,30625,? 350.00,"? 1,07,18,750.00",Popular,
Chembur,"Karma Sheesha and Restaurant, Chembur",4.7,251,"2nd Floor, Hotel Bahri Residency, Sion - Trombay Rd, near Diamond Garden, Dreamland Society, Borla, Union Park, Chembur, Mumbai, Maharashtra 400071, India",19.0518718,72.9010805,1179.7,6275,? 550.00,"? 34,51,250.00",Premium,
Chembur,The Art Cafe,4.8,84,"Bldg no 15 , shop no 9, 89, Chembur West, Tilak Nagar, Chembur, Mumbai, Maharashtra 400089, India",19.0695808,72.8969408,403.2,2100,? 550.00,"? 11,55,000.00",Premium,
Chembur,THE AMORE CAFE,5,17,"The Amore Cafe, Ganesh Estate Agency, CG Rd, near Golf Club, Chembur Camp, Indira Nagar, Chembur, Mumbai, Maharashtra 400074, India",19.0460129,72.8976106,85,425,? 550.00,"? 2,33,750.00",Premium,
Chembur,Caf?? Coffee Day,4,1235,"Ground Floor, Patil Villa Building, Sion - Trombay Rd, Chembur, Mumbai, Maharashtra 400088, India",19.0441419,72.9186958,4940,30875,? 350.00,"? 1,08,06,250.00",Popular,
Chembur,Coffee Capital,4.9,170,"Monorail Pillar No. 20, Hub Town Seasons, A-4, Ramakrishna Chemburkar Marg, near Jain Temple, Postal Colony, Chembur, Mumbai, Maharashtra 400071, India",19.0597032,72.8964271,833,4250,? 550.00,"? 23,37,500.00",Premium,
Chembur,R S Mani Cafe,3.5,142,"Shop no13&14, Rajkamal bldg, Tilak Nagar, Chembur, Mumbai-89, Mumbai, Maharashtra 400089, India",19.0704339,72.8987801,497,3550,? 350.00,"? 12,42,500.00",Average,
Chembur,Dessert Cloud,4.3,104,"CG Road, Next to Raj Restaurant Opposite Hira Stores, behind Krishna Restaurant, Chembur Camp, Mumbai, Maharashtra 400074, India",19.0456103,72.895062,447.2,2600,? 350.00,"? 9,10,000.00",Popular,
Chembur,Nxt-Lvl All day : chembur,4.7,3269,"V N, VN Purav Marg, next to R K Studio, Union Park, Chembur, Mumbai, Maharashtra 400071, India",19.0466161,72.9069341,15364.3,81725,? 550.00,"? 4,49,48,750.00",Premium,
Chembur,Blend N Brew,4.4,1777,"70, Central Ave Rd, Near Ambedkar Garden, Chembur Gaothan, Chembur, Mumbai, Maharashtra 400071, India",19.0607172,72.9000012,7818.8,44425,? 450.00,"? 1,99,91,250.00",Popular,
Chembur,Starbucks,4.4,2583,"PN 57, Gr&1st Flr, Girivan Pristino Bldg Sy No 961 A, Road No 19, Kurla, Chembur, Mumbai, Maharashtra 400071, India",19.060486,72.898554,11365.2,64575,? 450.00,"? 2,90,58,750.00",Popular,
Chembur,Paan world cafe,4.5,142,"CG Rd, near Kings snacks and bar, Camp(E), Chembur Colony, Chembur, Mumbai, Maharashtra 400074, India",19.0455205,72.8944936,639,3550,? 450.00,"? 15,97,500.00",Premium,
Chembur,"Theobroma Bakery and Cake Shop - Chembur, Mumbai",4.2,1440,"Shop No. 20 & 21, Sri Sunder Co-op Hsg Soc Ltd V. N. Purav Marg, Sion - Trombay Rd, opp. Diamond Garden, near Saraswat Bank, Chembur, Mumbai, Maharashtra 400071, India",19.0521152,72.9002174,6048,36000,? 350.00,"? 1,26,00,000.00",Popular,
Chembur,Cafe Amar,3.7,207,"Cafe Amar, Amar Cinema Compound, W. T. P. Marg, Ghatla, Chembur, Mumbai, Maharashtra 400071, India",19.0527113,72.9103455,765.9,5175,? 350.00,"? 18,11,250.00",Average,
Chembur,Hashtag Kulhad,4.6,20,"Shop no 17, Pink Corner, Nichaldas Market, Sindhi Society, Chembur, Mumbai, Maharashtra 400071, India",19.0522579,72.8901002,92,500,? 450.00,"? 2,25,000.00",Premium,
Chembur,Spice Laundry,4.3,2578,"1st floor, Amul commercial society Ltd, E, Rd No. 1, opp. BMC Office, Chembur Gaothan, Chembur, Mumbai, Maharashtra 400071, India",19.0610617,72.8996971,11085.4,64450,? 350.00,"? 2,25,57,500.00",Popular,
Chembur,Mist cafe and lounge,4.6,19,"Shop no 14, Pestom Sagar Rd Number 4, opposite khushal tower, Chembur West, Pestom Sagar Colony, Chembur, Mumbai, Maharashtra 400089, India",19.0702774,72.9014051,87.4,475,? 450.00,"? 2,13,750.00",Premium,
Chembur,Cafe Irani Chaii,4.1,299,"Hemu Kalani Marg, beside Wasan Toyota, Sindhi Society, Chembur, Mumbai, Maharashtra 400071, India",19.0530027,72.8904194,1225.9,7475,? 350.00,"? 26,16,250.00",Popular,
Chembur,cafe quba,4.2,1788,"1, PL Lokhande Marg, Bhim wadhi, New Gautam Nagar, Govandi East, Mumbai, Maharashtra 400043, India",19.0608272,72.916294,7509.6,44700,? 350.00,"? 1,56,45,000.00",Popular,
Chembur,Coffee TakeAway,4.6,22,"MS Bldg No 22, Flat 768, Ground Floor Hari Om Co-op Housing Society, opposite Vijay General Store, Chembur Colony, Mumbai, Maharashtra 400074, India",19.0452711,72.8970463,101.2,550,? 450.00,"? 2,47,500.00",Premium,
Chembur,Cafe Udipi,4,2062,"72, HIRA BAUG, STATIO, opp. CANARA BANK, Chembur, Mumbai, Maharashtra 400071, India",19.0615507,72.9008315,8248,51550,? 350.00,"? 1,80,42,500.00",Popular,
Chembur,Cafe Zam Zam,3.5,293,"Shop Number 4, Vasinaka, Ramakrishna Chemburkar Marg, Chembur, Mumbai, Maharashtra 400074, India",19.031685,72.8970109,1025.5,7325,? 350.00,"? 25,63,750.00",Average,
Chembur,The Chocolate Room,4.1,2538,"Shop No. 1, Ground Floor, Vallabh Vihar, Mahatma Gandhi Rd, opp. Kotak Mahindra Bank, Rajawadi Colony, Ghatkopar East, Mumbai, Maharashtra 400077, India",19.0783825,72.9038654,10405.8,63450,? 350.00,"? 2,22,07,500.00",Popular,
Chembur,Sukoon parlour,4.5,63,"3W96+233 G.M. Link Road Jay Ambe Nagar, Chembur West, Akruti Rising City, Mumbai, Maharashtra 400089, India",19.0675072,72.9101643,283.5,1575,? 450.00,"? 7,08,750.00",Premium,
Chembur,Crazy for chai| Best Cafe In Tilaknagar | Fast Food Joint | Best Chai Spot,4.7,75,"Shop No.6, Building Number 15, Sarva Mangal CHS, opposite Sahyadri Grounds, Chembur West, Tilak Nagar, Chembur, Mumbai, Maharashtra 400089, India",19.0695064,72.8969184,352.5,1875,? 550.00,"? 10,31,250.00",Premium,
Chembur,Kyros Cafe,4.8,38,"Ghatkopar - Mahul Rd, opposite KRUSHAL TOWERS, near Bharat Petrol Pump, Chembur West, Pestom Sagar Colony, Chembur, Mumbai, Maharashtra 400089, India",19.0703526,72.901349,182.4,950,? 550.00,"? 5,22,500.00",Premium,
Chembur,Third Wave Coffee,4.9,420,"Equinox Tower 3, Lal Bahadur Shastri Road, Road, off BKC, Ambedkar Nagar, Kurla, Mumbai, Maharashtra 400070, India",19.0718611,72.8765556,2058,10500,? 550.00,"? 57,75,000.00",Premium,
Chembur,Yewale Amruttulya,4.2,1133,"Central Ave Rd, Chembur Gaothan, Chembur, Mumbai, Maharashtra 400071, India",19.0613323,72.9007258,4758.6,28325,? 350.00,"? 99,13,750.00",Popular,
Chembur,Just One More Game (The Gaming Cafe),5,369,"Shop no. 28, Nichaldas market, Sindhi Society, Chembur, Mumbai, Maharashtra 400071, India",19.0519083,72.8899976,1845,9225,? 550.00,"? 50,73,750.00",Premium,
Chembur,CAFE ALVI,4.1,1590,"baigan wadi, Jeejabai Bhosale Marg, Govandi Slums, Raman Mama Nagar, Govandi East, Mumbai, Maharashtra 400043, India",19.0595862,72.9234115,6519,39750,? 350.00,"? 1,39,12,500.00",Popular,
Chembur,We & Our Ventures (Cafenately Coffee - Head Office),5,16,"Hirabaug Kamawadi, Sion - Trombay Rd, opp. Radio Bar, Chembur, Mumbai, Maharashtra 400088, India",19.0461656,72.9082488,80,400,? 550.00,"? 2,20,000.00",Premium,
Chembur,The Cafe Hangout,5,4,"Opp Ranjeet Daa Dhaba, Sattu's Lane Dr.C.G.Road, Chembur Colony, Mumbai, Maharashtra 400074, India",19.0451762,72.8946236,20,100,? 550.00,"? 55,000.00",Premium,
Chembur,FREEZEIT,4.1,16,"Trishul Bunglows, Sindhi Society Rd Number 1, Sector 44A, Sindhi Society, Chembur, Mumbai, Maharashtra 400071, India",19.0484507,72.8877061,65.6,400,? 350.00,"? 1,40,000.00",Popular,
Chembur,abCoffee Chembur,5,2,"Grey Craving, next to MG Motors, Union Park, Chembur, Mumbai, Maharashtra 400074, India",19.0460376,72.9081513,10,50,? 550.00,"? 27,500.00",Premium,
Chembur,The Fusion Hack,4.4,101,"Surya House, ONGC Colony, Vidya Vihar East, Vidyavihar, Mumbai, Maharashtra 400086, India",19.0774491,72.8989325,444.4,2525,? 450.00,"? 11,36,250.00",Popular,
Chembur,Tirumala cafe,4.9,9,"3V3W+HG4, Sion - Trombay Rd, Jai Ambe Nagar, Chembur Gaothan, Chembur, Mumbai, Maharashtra 400071, India",19.0539019,72.8963215,44.1,225,? 550.00,"? 1,23,750.00",Premium,
Sion,Cafe Istaa,4.4,3106,"New CHS Ltd, 12A/1, RL Kelkar Rd, Sion West, Sion, Mumbai, Maharashtra 400022, India",19.04191,72.8611228,13666.4,77650,? 450.00,"? 3,49,42,500.00",Popular,
Sion,The cafe club,4.8,52,"Plot no 109, Laxmi Bhavan, Building Opp Budda Buddi Garden, Sies College Of Arts, Science & Commerce, near old, Sion, Maharashtra 400022, India",19.0407774,72.8608386,249.6,1300,? 550.00,"? 7,15,000.00",Premium,
Sion,Gurukripa,4.3,35428,"40, Rd Number 24, near Sies College Of Arts, Science & Commerce, Sion West, Sion, Mumbai, Maharashtra 400022, India",19.0429043,72.8618765,152340.4,885700,? 350.00,"? 30,99,95,000.00",Popular,
Sion,Brasserie 1935 Kitchen & Bar,4.3,1093,"Building No 2, 1/1, Rd Number 29, opposite Croma showroom, Namdev Koli Marg, Sion, Mumbai, Sion Koliwada, Maharashtra 400022, India",19.0404519,72.865048,4699.9,27325,? 350.00,"? 95,63,750.00",Popular,
Sion,Cafe Madras??ã?è,4.4,24600,"GROUND FLOOR, KAMAKSHI BUILDING, 391/B, Bhaudaji Rd, Matunga East, Mumbai, Maharashtra 400019, India",19.0276203,72.8550415,108240,615000,? 450.00,"? 27,67,50,000.00",Popular,
Sion,Hardeep Punjab (Sion Koliwada),4.2,5746,"Om Shiv Shakti, GTB Nagar JK Bhasin Marg, Sion Koliwada, opposite Building No.1, G.T.B.Nagar, Sector V, Sion East, Antop Hill, Mumbai, Maharashtra 400037, India",19.0340593,72.8631325,24133.2,143650,? 350.00,"? 5,02,77,500.00",Popular,
Sion,New Madras Lunch Home,4,508,"R V Building, Rd No 1, near Sion Railway Station, Sion Railway Colony, Sion West, Sion, Mumbai, Maharashtra 400022, India",19.0455495,72.8645016,2032,12700,? 350.00,"? 44,45,000.00",Popular,
Sion,Sion Lunch Home,4.1,5013,"11, Harak Niwas, near Railway Station, Sion Railway Colony, Sion East, Mumbai, Maharashtra 400022, India",19.0452957,72.8642233,20553.3,125325,? 350.00,"? 4,38,63,750.00",Popular,
Sion,Cafe Vrindavan,4.1,228,"Shop No 22, Indra Market, opp. Sion Post Office, Sindhi Colony, Sion, Mumbai, Maharashtra 400022, India",19.0453092,72.8636016,934.8,5700,? 350.00,"? 19,95,000.00",Popular,
Sion,Cafe Mysore,4.2,5086,"Durlabh Niwas, 1/461, Dr Babasaheb Ambedkar Marg, Opp B.N. Maheshwari Udyan, Matunga East, Mumbai, Maharashtra 400019, India",19.0276064,72.8555044,21361.2,127150,? 350.00,"? 4,45,02,500.00",Popular,
Sion,Amba Bhavan Coffee Club,4.3,1817,"King's Circle Flyover, 373, Bhandarkar Rd, Matunga East, Mumbai, Maharashtra 400019, India",19.0272942,72.8546203,7813.1,45425,? 350.00,"? 1,58,98,750.00",Popular,
Sion,Victory Cafe,4.2,25,"2VV7+XR4, Sion Railway Colony, Chunabhatti, Sion, Mumbai, Maharashtra 400022, India",19.0448923,72.8645847,105,625,? 350.00,"? 2,18,750.00",Popular,
Sion,Food,4,256,"Shop No.7, Pratiksha Nagar Rd, near mala garden, Pratikhsha Nagar, Sion East, Sion, Mumbai, Maharashtra 400022, India",19.042042,72.8708707,1024,6400,? 350.00,"? 22,40,000.00",Popular,
Sion,Third Wave Coffee,4.7,1415,"Unit no.58, Ground, Ram Mahal, Tip Road, Senapati Bapat Marg, Station, Mahim, Mumbai, Maharashtra 400016, India",19.0408896,72.8462018,6650.5,35375,? 550.00,"? 1,94,56,250.00",Premium,
Sion,Elementaria Bakery Cafe,4.2,1556,"Shop 1, godrej jetairways building, G Block BKC, Mumbai, Maharashtra 400051, India",19.0592644,72.8646642,6535.2,38900,? 350.00,"? 1,36,15,000.00",Popular,
Sion,Central Peninsula,4,3037,"Shop No. 88, Near Samsung Showroom, Satyam Shivam Sundaram Building Road No 28 B, Sion Cir, Mumbai, Maharashtra 400022, India",19.0427522,72.8644642,12148,75925,? 350.00,"? 2,65,73,750.00",Popular,
Sion,Peninsula,4.2,4073,"118, Thomas Villa Opp. Cine Planet (Rupam Cinema, Sion East, Mumbai, Maharashtra 400022, India",19.0418426,72.8647617,17106.6,101825,? 350.00,"? 3,56,38,750.00",Popular,
Sion,Hanuman Veg Restaurant,3.9,4236,"7, Rupam Building, Sion Cir, near Movie Max Theatre, Sion East, Sion, Mumbai, Maharashtra 400022, India",19.0420074,72.8641565,16520.4,105900,? 350.00,"? 3,70,65,000.00",Average,
Sion,A1 Samosa,4.4,2281,"5A-5, Rd Number 24, West, opposite to Gurukripa, Sindhi Colony, Sion, Mumbai, Maharashtra 400022, India",19.0428182,72.8615643,10036.4,57025,? 450.00,"? 2,56,61,250.00",Popular,
Sion,New Cuffe Parade Social,4.1,243,"Vios Tower, Bus Depot, Sewri - Chembur Rd, off Eastern Express Highway, near Anik Nagar, Sion, Mumbai, Maharashtra 400037, India",19.0397462,72.8794366,996.3,6075,? 350.00,"? 21,26,250.00",Popular,
Sion,The Central Bistro,3.9,219,"Kalpak Estate, Antop Hill, Mumbai, Maharashtra 400037, India",19.0307861,72.867304,854.1,5475,? 350.00,"? 19,16,250.00",Average,
Sion,Koolar & Co,3.5,3943,"541, Dr Babasaheb Ambedkar Marg, Matunga East, Mumbai, Maharashtra 400019, India",19.0260734,72.8549846,13800.5,98575,? 350.00,"? 3,45,01,250.00",Average,
Sion,Messy Addaa,4,1424,"Shivaji Nagar Housing Society, 19, Bhaudaji Rd, opp. Mindas Tower, W, Sion, Mumbai, Maharashtra 400022, India",19.035329,72.8572727,5696,35600,? 350.00,"? 1,24,60,000.00",Popular,
Sion,Cafe Irani Chaii,4.4,5790,"Rosary Building, Mia Mohd Chhotani Rd, Geeta Nagar, Mahim West, Mahim, Mumbai, Maharashtra 400016, India",19.0390084,72.8426801,25476,144750,? 450.00,"? 6,51,37,500.00",Popular,
Sion,"Grandmama's Cafe, Dadar East",4.1,8457,"Dharamputra Pritam Estate, 20 & 21, Dr Babasaheb Ambedkar Marg, Dadar East, Dadar, Mumbai, Maharashtra 400014, India",19.0168049,72.8461869,34673.7,211425,? 350.00,"? 7,39,98,750.00",Popular,
Sion,Jagdish family restaurant & bar,4,275,"Plot no. 249, Kripa Niwas, Sion, Mumbai, Maharashtra 400022, India",19.035129,72.8611547,1100,6875,? 350.00,"? 24,06,250.00",Popular,
Sion,Thaggu cafe,4.4,46,"shop No 2, Gajanan Chaya Building, 3, VN Purav Marg, Samarth Nagar, Chunabhatti, Sion, Mumbai, Maharashtra 400022, India",19.052608,72.8716332,202.4,1150,? 450.00,"? 5,17,500.00",Popular,
Sion,Sardar Paya House (Papu Payawala),4.3,1829,"Shop U.A.C 20, near building no. 01, Punjabi Camp, Sion Koliwada, Guru Teg Bahadur Nagar, Sion, Mumbai, Maharashtra 400037, India",19.0344985,72.8630801,7864.7,45725,? 350.00,"? 1,60,03,750.00",Popular,
Sion,Sion Irani,3.8,70,"Sion West, Sion, Mumbai, Maharashtra 400022, India",19.0436912,72.8640305,266,1750,? 350.00,"? 6,12,500.00",Average,
Sion,Coffee By Di Bella Mahim,4.2,4162,"West Wind Apartment, West Wind Building, Cadell Road, Mahim West, Kataria Colony, Shivaji Park, Swatantryaveer Savarkar Rd, above Cafe Di Bella, near Hinduja Hospitals, Dadar, Mumbai, Maharashtra 400016, India",19.0315287,72.8388039,17480.4,104050,? 350.00,"? 3,64,17,500.00",Popular,
Sion,McDonald's,4.2,5234,"SN 09, Plot No 1A, Basant Court CHS Ltd Sion, opposite Sion Railway, Station, Mumbai, Maharashtra 400603, India",19.0456321,72.8635064,21982.8,130850,? 350.00,"? 4,57,97,500.00",Popular,
Sion,The Dessert Republic?? - Matunga,4.3,675,"Maheshwari Udhyaan, Kalyan Bhuvan, Dr Babasaheb Ambedkar Marg, near Oasiss, Matunga East, Mumbai, Maharashtra 400019, India",19.0265186,72.8561845,2902.5,16875,? 350.00,"? 59,06,250.00",Popular,
Sion,Gurukrupa Sandwich,4.1,946,"TV Chidambaran Marg, Sion East, Sion, Mumbai, Maharashtra 400022, India",19.0428748,72.8619029,3878.6,23650,? 350.00,"? 82,77,500.00",Popular,
Sion,LevelUp The Next Gen Gaming Cafe,5,97,"Sion Bhagini Samaj, plot6/A, Rd Number 24, opp. gurukripa hotel, above Bank Of Baroda, Sion West, Sion, Mumbai, Maharashtra 400022, India",19.0434029,72.8616776,485,2425,? 550.00,"? 13,33,750.00",Premium,
Sion,Hotel Ganga Vihar Sion,3.9,772,"Indralay building, K Ozha Marg, Jain Society, Sion, Mumbai, Maharashtra 400022, India",19.0395584,72.8614671,3010.8,19300,? 350.00,"? 67,55,000.00",Average,
Sion,Oh My Tea,4.9,20,"Shop No. 12, Rameshwar Bhavan, Mahatma Gandhi Market, opp. Sri Shanmukhananda Chandrasekarendra Saraswathi Auditorium, Sion East, Sion, Mumbai, Maharashtra 400022, India",19.031038,72.8599481,98,500,? 550.00,"? 2,75,000.00",Premium,
Sion,Hazara Restaurant & Bar,3.8,758,"Shop No:15, Hukumchand C, Julka Chowk, Koliwada, Guru Teg Bahadur Nagar, Sion, Mumbai, Maharashtra 400037, India",19.0344461,72.8629134,2880.4,18950,? 350.00,"? 66,32,500.00",Average,
Sion,Cafe kailas,5,5,"N S Mankikar road shop no 1 near Sion tank Mumbai 400022, Mumbai, Maharashtra 400022, India",19.0475631,72.8655201,25,125,? 550.00,"? 68,750.00",Premium,
Sion,Third Wave Coffee,4.9,420,"Equinox Tower 3, Lal Bahadur Shastri Road, Road, off BKC, Ambedkar Nagar, Kurla, Mumbai, Maharashtra 400070, India",19.0718611,72.8765556,2058,10500,? 550.00,"? 57,75,000.00",Premium,
Sion,Chaayos Cafe at Lodha Wadala,4.5,51,"Ground floor, Off, Eastern freeway, near Wadala Truck terminal, Wadala, Mumbai, Maharashtra 400037, India",19.0398233,72.8793197,229.5,1275,? 450.00,"? 5,73,750.00",Premium,
Sion,CAFE V J T I,4.1,810,"Pushpraj Building, 191, David S Barretto Rd, Wadala West, Mumbai, Maharashtra 400031, India",19.018442,72.8566669,3321,20250,? 350.00,"? 70,87,500.00",Popular,
Sion,Mani's Lunch Home,4.3,553,"Plot No 12, Near Sion Railway Station, Below Hotel Ashray International, Lohiya Nagar, Sion East, Mumbai, Maharashtra 400022, India",19.0452663,72.864417,2377.9,13825,? 350.00,"? 48,38,750.00",Popular,
Sion,Amrut Restaurant and Bar,4,565,"Dr Babasaheb Ambedkar Marg, opp. Gandhi Market, Sion Hospital Colony, Sion, Mumbai, Maharashtra 400022, India",19.0320713,72.8583707,2260,14125,? 350.00,"? 49,43,750.00",Popular,
Sion,abCoffee Matunga,4.6,96,"M Parekh Marg, UDCT College, Shop No. 07, Ground Floor, Plot No. 164-166 Siddheya CHS, Nathalal Parekh Marg, Wadala, Mumbai, Maharashtra 400031, India",19.0225391,72.8571167,441.6,2400,? 450.00,"? 10,80,000.00",Premium,
Sion,OVEN PLUS BISTRO,4.2,133,"Anand Nagar Housing Society, Sion East, Sion, Mumbai, Maharashtra 400037, India",19.033331,72.8613796,558.6,3325,? 350.00,"? 11,63,750.00",Popular,
Sion,Ram Ashraya,4.4,32304,"Shop 3-6 ground floor, Jamnadas Mansion, bazar, Laxmi Narayan Ln, Matunga (C.R.), Matunga East, Mumbai, Maharashtra 400019, India",19.0279988,72.8517208,142137.6,807600,? 450.00,"? 36,34,20,000.00",Popular,
Sion,Cafe Blue J,4.9,146,"Shop No 06, Devdarshan, Mogul Ln, Mahim West, Mahim, Mumbai, Maharashtra 400016, India",19.0362657,72.8468312,715.4,3650,? 550.00,"? 20,07,500.00",Premium,
Sion,Cafe Kokomo,4.7,245,"4, Pratap CHS Limited, Shivaji Road, Bridge, near Vakola, Santacruz East, Mumbai, Maharashtra 400055, India",19.0774717,72.8492178,1151.5,6125,? 550.00,"? 33,68,750.00",Premium,
Sion,Caf?? 792,4.2,846,"792, Outhouse, Dina Manzil, Jame Jamshed Rd, Central Railway Colony, Mahavir Nagar, Parsee Colony, Dadar, Mumbai, Maharashtra 400014, India",19.0174663,72.8487093,3553.2,21150,? 350.00,"? 74,02,500.00",Popular,
Sion,Amazonia,3.9,1394,"Unit No. 5, Godrej BKC, G Block BKC, Bandra Kurla Complex, Bandra East, Mumbai, Maharashtra 400051, India",19.0593768,72.8653861,5436.6,34850,? 350.00,"? 1,21,97,500.00",Average,
Sion,Farmer Cafe,4.2,3653,"Shop No.1, Celeste Bldg, Plot No. 470, Kinchin CHS, 14th Rd, Khar, Khar West, Mumbai, Maharashtra 400052, India",19.0669696,72.832882,15342.6,91325,? 350.00,"? 3,19,63,750.00",Popular,
Sion,Santosh Beer Bar,3.4,436,"2VQ8+QWC, Hemant Manjrekar Rd, Sardar Nagar Number 1, K D Gaikwad Nagar, Sion East, Sion, Mumbai, Maharashtra 400022, India",19.0394304,72.8672531,1482.4,10900,? 350.00,"? 38,15,000.00",Average,
Sion,The Belgian Waffle Co,4.2,1546,"Shop No. 05, Mohanlal Mansion, Dr Babasaheb Ambedkar Marg, Kings Circle, Matunga East, Mumbai, Maharashtra 400019, India",19.0273173,72.8545749,6493.2,38650,? 350.00,"? 1,35,27,500.00",Popular,
Sion,Mokai Cafe,4.5,543,"Chapel Rd, St Sebastian Colony, Ranwar, Bandra West, Mumbai, Maharashtra 400050, India",19.0524466,72.8285898,2443.5,13575,? 450.00,"? 61,08,750.00",Premium,
Sion,Chai Sutta Bar,4.3,1237,"Radha Bhawan, 471, Matunga Cir, Matunga East, Mumbai, Maharashtra 400019, India",19.0260625,72.8554179,5319.1,30925,? 350.00,"? 1,08,23,750.00",Popular,
Sion,The Forest Walas,4,58,"Shop No 8 & 9, Pratiksha Nagar, Flank Rd W, opposite to Baba Ramdevji CHS, Sion Koliwada, Mumbai, Maharashtra 400022, India",19.0433807,72.8720262,232,1450,? 350.00,"? 5,07,500.00",Popular,
Sion,Sion Restaurant and Stores,3.8,206,"Sion Mansion, Shop No. 3 & 4, Sion Main Rd, Sion, Mumbai, Maharashtra 400022, India",19.0436497,72.8640814,782.8,5150,? 350.00,"? 18,02,500.00",Average,
Sion,Hotel Ramdev,3.8,1540,"Basant Court Building, Plot No.1A, Ground Floor, Opposite Sion Railway, Station, Sion West, Mumbai, Maharashtra 400022, India",19.0454999,72.8634665,5852,38500,? 350.00,"? 1,34,75,000.00",Average,
Sion,Himalaya Restaurant,4.1,887,"Meghdoot, Shop No. 12, 283, Flank Rd, Sion East, Sion, Mumbai, Maharashtra 400022, India",19.0320111,72.8600503,3636.7,22175,? 350.00,"? 77,61,250.00",Popular,
Sion,Street 528,4.1,143,"1, Owner's Colony, near Canara Bank, Anand Nagar Housing Society, Guru Teg Bahadur Nagar, Sion, Sion Koliwada, Mumbai, Maharashtra 400037, India",19.0341123,72.8621917,586.3,3575,? 350.00,"? 12,51,250.00",Popular,
Thane,"The Happyy Cup Cafe, Thane",4.7,341,"Shop no. 5, A Parampara, Cosmos Heritage, Manpada, Thane West, Thane, Maharashtra 400607, India",19.236003,72.970084,1602.7,8525,? 550.00,"? 46,88,750.00",Premium,
Thane,Cafe Amigos,4.3,3283,"12, Sunrise Shopping Complex, Behind Hiranandani Meadows, Off Ghodbunder Road, Manpada, Thane West, Thane, Maharashtra 400610, India",19.2271027,72.9739382,14116.9,82075,? 350.00,"? 2,87,26,250.00",Popular,
Thane,Love Leaf Cafe,3.7,995,"The Thane Club, Mohan Koppikar Road, Teen Hath Naka Flyover, opposite Raheja Garden, Thane, Maharashtra 400601, India",19.1876576,72.9606398,3681.5,24875,? 350.00,"? 87,06,250.00",Average,
Thane,Love & Latte Thane,4,2132,"Shop 17& 18, Ground Flr, Krishna Tower, Sita vihar Chs, Lal Bahadur Shastri Marg, Near, Teen Hath Naka Flyover, Vishnu Nagar, Thane, Maharashtra 400602, India",19.1896213,72.9657728,8528,53300,? 350.00,"? 1,86,55,000.00",Popular,
Thane,Brunch Bar Cafe,4.1,942,"Unique Vistas, Neelkanth Grns Rd, opposite Satyam Ford Service Center, Manpada, Thane, Maharashtra 400607, India",19.2401006,72.9692978,3862.2,23550,? 350.00,"? 82,42,500.00",Popular,
Thane,Chai Yaari,4.5,463,"Shop No:- 10, Vijay Galaxy Apartment, Waghbil Naka Flyover, Anu Nagar, Vijay Nagari, Thane West, Thane, Maharashtra 400607, India",19.2536017,72.9734185,2083.5,11575,? 450.00,"? 52,08,750.00",Premium,
Thane,The Chocolate Bar,4.2,10672,"Jambhali Naka,The Chocolate Bar, beside Bhavana Hotel, Talav Pali, Thane West, Maharashtra 400601, India",19.1949817,72.9765518,44822.4,266800,? 350.00,"? 9,33,80,000.00",Popular,
Thane,FRUITANIC,4.4,698,"Kolshet, khadi, Thane, Maharashtra 400607, India",19.2441087,72.995819,3071.2,17450,? 450.00,"? 78,52,500.00",Popular,
Thane,Lake Woods Cafe (LWC) | Best Cafe in Thane | Best Restaurants in Thane | Best Restaurants Near Me | Best Cafe Near Me,3.9,288,"Plot No. 40, Mahesh Smruti, near Brahman Sabha Hall, opp. Talav Pali, Thane, Maharashtra 400601, India",19.1925061,72.9768713,1123.2,7200,? 350.00,"? 25,20,000.00",Average,
Thane,"Coffee Culture - The Ristorante Lounge , Thane",4.3,520,"Shop no.14, Coffee Culture, Pokharan Rd Number 2, Swastik Garden, Thane West, Thane, Mumbai, Maharashtra 400610, India",19.2162462,72.9728968,2236,13000,? 350.00,"? 45,50,000.00",Popular,
Thane,"Samvene The Bagel Cafe (Panchpakadi, Thane)",4.3,1444,"Meenatai Thakre Rd, opp. Sripal complex, Bhakti Mandir, Panch Pakhdi, Thane West, Thane, Maharashtra 400602, India",19.1930549,72.9674461,6209.2,36100,? 350.00,"? 1,26,35,000.00",Popular,
Thane,Cafe BuddyÉ??s Espresso- Best Cafe in Thane,4.8,104,"HIRANANDANI MEADOWS, Sunrise Shopping Centre, near Hyde Park, Thane, Maharashtra 400610, India",19.2270101,72.9739025,499.2,2600,? 550.00,"? 14,30,000.00",Premium,
Thane,Cafe Holiday Thane,4,86,"Ground Floor, Centrum IT Park, Plot NO 3, SG Barve Rd, Thane West, Thane, Maharashtra 400604, India",19.1886945,72.9546318,344,2150,? 350.00,"? 7,52,500.00",Popular,
Thane,The Bermuda Triangle Cafe,4.4,260,"CHS, Shop No. 1 Brentford, Hiranandani Estate, Thane West, Thane, Maharashtra 400607, India",19.2509296,72.9816681,1144,6500,? 450.00,"? 29,25,000.00",Popular,
Thane,Cafe Rasna Buzz Thane,4.6,318,"Cadbury Junction, Hans Nagar, Thane West, Thane, Maharashtra 400601, India",19.2043695,72.9697973,1462.8,7950,? 450.00,"? 35,77,500.00",Premium,
Thane,Bustling Brew Bistro Cafe,4.5,514,"Shop No. 9, Amfotech IT Park, SG Barve Rd, Wagle Industrial Estate, Thane West, Thane, Maharashtra 400604, India",19.1917272,72.9548166,2313,12850,? 450.00,"? 57,82,500.00",Premium,
Thane,Thhikana cafe,4.8,433,"HIRANANDANI MEADOWS, Shop no. 26, G-floor Block no. 3, Emerald Plaza, Market, opp. currae speciality clinic, Mumbai, Maharashtra 421204, India",19.227101,72.9705479,2078.4,10825,? 550.00,"? 59,53,750.00",Premium,
Thane,Kill No Kalorie,4,1842,"Kulkarni CHS, Ghantali Devi Rd, near Sai Baba Mandir, Naupada, Thane West, Thane, Maharashtra 400602, India",19.1924993,72.971008,7368,46050,? 350.00,"? 1,61,17,500.00",Popular,
Thane,Aromas Cafe,4.3,1158,"Shop No.04, The Walk High Street, Atlanta Shopping Centre Hiranandani Estate Road Hiranandani Estate, Patlipada, Thane West, Thane, Maharashtra 400607, India",19.2557737,72.9839362,4979.4,28950,? 350.00,"? 1,01,32,500.00",Popular,
Thane,Irani Chaiko's,4.6,840,"Shop No. 1, Ashar Belleza, Rd Number 16, near Ashar IT park, Brodma, Neheru Nagar, Wagle Industrial Estate, Thane West, Thane, Maharashtra 400604, India",19.1971842,72.9555209,3864,21000,? 450.00,"? 94,50,000.00",Premium,
Thane,Manis Cafe,4.1,742,"Veer Baji Prabhu Deshpande Rd, Naupada, Thane West, Thane, Maharashtra 400602, India",19.187557,72.9694517,3042.2,18550,? 350.00,"? 64,92,500.00",Popular,
Thane,Cafe Hawaii Kona,4.6,175,"Shop no 13, Sita Vihar Complex Lal Bahadur Shastri Marg, Teen Hath Naka Flyover, Thane, Maharashtra 400602, India",19.1897513,72.9658253,805,4375,? 450.00,"? 19,68,750.00",Premium,
Thane,Third Wave Coffee,4.8,714,"Viviana Mall, Service Road, Eastern Express Hwy, Thane West, Thane, Maharashtra 400601, India",19.2086994,72.9714616,3427.2,17850,? 550.00,"? 98,17,500.00",Premium,
Thane,The One Storyy Bistro,4.5,559,"Shop no.5, Vikas Shopping Complex, Lalbahadur Shashtri Marg, Meenatai Thakrey Chowk, near Meenatai Thakrey Chowk, Uthalsar, Thane, Maharashtra 400601, India",19.2056881,72.9772105,2515.5,13975,? 450.00,"? 62,88,750.00",Premium,
Thane,Mojito Cafe,4.4,795,"Plot No, 253, Ghodbunder Rd, beside R Mall, Manorama Nagar, Thane West, Thane, Maharashtra 400607, India",19.231204,72.9772192,3498,19875,? 450.00,"? 89,43,750.00",Popular,
Thane,Blue Tokai Coffee Roasters | Acme Ozone,4.7,170,"Shop No 5, Ground Floor And Basement, Acme Ozone, Khewra Circle, Manpada, Thane West, Mumbai, Maharashtra, India",19.2324453,72.9715763,799,4250,? 550.00,"? 23,37,500.00",Premium,
Thane,Peach Tree Cafe,4.8,27,"HIRANANDANI MEADOWS, Emerald Plaza, Shop no.16, Block no. - 1, Thane, Maharashtra 400607, India",19.2264705,72.9704752,129.6,675,? 550.00,"? 3,71,250.00",Premium,
Thane,D'CREPES CAFE,4.4,1095,"Shop no.2, Avila Building, Ghodbunder Rd, next to The Walk, near HDFC Bank, Hiranandani Estate, Thane West, Thane, Maharashtra 400607, India",19.2555368,72.9833938,4818,27375,? 450.00,"? 1,23,18,750.00",Popular,
Thane,Cafe Relish Meadows,4.3,164,"Shop 1, Celio Shopping Centre, HIRANANDANI MEADOWS, Pokharan Rd Number 2, Manpada, Thane West, Thane, Maharashtra 400610, India",19.228471,72.9721441,705.2,4100,? 350.00,"? 14,35,000.00",Popular,
Thane,DÉ??Cr?¶pes Cafe,4.4,3200,"Shop no. 21, 22. Block No. 1, Emerald Plaza, HIRANANDANI MEADOWS, Gladys Alwares Rd, behind Saraswat Bank, Manpada, Thane West, Thane, Maharashtra 400610, India",19.2262729,72.9704445,14080,80000,? 450.00,"? 3,60,00,000.00",Popular,
Thane,RATS Bikers Caf??,4.7,196,"RATS Pit Stop, Ram Mandir Road, off Ghodbunder Service Road, next to Kasarvadavali, Bhawani Nagar, Kasarvadavali, Thane West, Thane, Maharashtra 400615, India",19.2674612,72.9673255,921.2,4900,? 550.00,"? 26,95,000.00",Premium,
Thane,Blue Tokai Coffee Roasters | Hiranandani Estate,4.4,314,"Shop No S-03, Ground Floor, Quantum Building, Ghodbunder Road, Central Ave, Hiranandani Estate, Thane West, Thane, Maharashtra 400607, India",19.2609325,72.9851962,1381.6,7850,? 450.00,"? 35,32,500.00",Popular,
Thane,Teapsy Cafe,4.5,124,"HIRANANDANI MEADOWS, Shop C6, Greenwood Complex, Apricot Road, Vidhyapith, Service Rd, near RK Motor, Thane, Maharashtra 400610, India",19.2249188,72.9755116,558,3100,? 450.00,"? 13,95,000.00",Premium,
Thane,CAFE DEZIRE,4.6,163,"Opposite Thane Jilha Sahakari Bank Mantri plot, Shivaji Path, Thane Station Rd, W, Thane, Maharashtra 400601, India",19.1897133,72.9762789,749.8,4075,? 450.00,"? 18,33,750.00",Premium,
Thane,Starbucks,4.4,2740,"Ground Floor, Hiranandani Estate Rd, Hiranandani Estate, Thane West, Thane, Maharashtra 400607, India",19.25512,72.9841933,12056,68500,? 450.00,"? 3,08,25,000.00",Popular,
Thane,Bean Theory Coffee,4.6,128,"HIRANANDANI MEADOWS, Emerald Plaza, Shop 12, Block 3, Thane West, Thane, Maharashtra 400607, India",19.2272322,72.9703792,588.8,3200,? 450.00,"? 14,40,000.00",Premium,
Thane,Frusion - Pressery & Cafe,4.4,251,"Shop No.6, Gladys Alwares Rd, next to Dogs world India, near Khewra Circle Marg, Hill Garden, Manpada, Thane West, Thane, Maharashtra 400607, India",19.233572,72.9694275,1104.4,6275,? 450.00,"? 28,23,750.00",Popular,
Thane,Aromas Caf?? & Bistro,3.8,640,"Off, Eastern Express Hwy, Laxmi Nagar, Thane West, Thane, Maharashtra 400606, India",19.2087407,72.9714649,2432,16000,? 350.00,"? 56,00,000.00",Average,
Thane,Cafe BunTea,4.3,153,"Shop no.7, Unique Vistas Rd, near Mahabi, Patlipada, Thane West, Thane, Maharashtra 400607, India",19.2401969,72.9693081,657.9,3825,? 350.00,"? 13,38,750.00",Popular,
Thane,Gen z- cafe,4.3,49,"Shop No. 7 Ezzi Co Op Housing Society Opp Dmart Dokali, Kolshet Rd, Kailash Nagar, Thane, Maharashtra 400607, India",19.223208,72.9789789,210.7,1225,? 350.00,"? 4,28,750.00",Popular,
Thane,Umami Cafe,5,50,"Shop 5, BUILDING-4, Cosmos Hills, Pokharan Rd Number 1, opposite Bombay dock restaurant, Upvan, Saptgiri, Thane, Maharashtra 400606, India",19.2205362,72.953459,250,1250,? 550.00,"? 6,87,500.00",Premium,
Thane,Captain Cool,4.6,45,"Shop No.4, Giri Heaven CHS. LTD, near, Hariniwas Cir, Naupada, Thane West, Thane, Maharashtra 400602, India",19.1915512,72.9683783,207,1125,? 450.00,"? 5,06,250.00",Premium,
Thane,Cafe tiya (Thane),4.6,12,"Shop-7, Shivai Nagar Circle, Opposite Salt n Pepper, Pokharan Rd Number 1, Vartak Nagar, Thane West, Thane, Mumbai, Maharashtra 400606, India",19.2153043,72.9573394,55.2,300,? 450.00,"? 1,35,000.00",Premium,
Thane,Cafe Anecdote,4.5,171,"Shop No. 4, Mezzanine Floor, Amrapali Arcade, opp. Jasmine Tower, opposite Vasant Vihar High School & Junior College, Vasant Vihar, Thane West, Thane, Maharashtra 400610, India",19.2229003,72.9666759,769.5,4275,? 450.00,"? 19,23,750.00",Premium,
Thane,Lets Chill Cafe,4.6,57,"Shop no 3, Sai sadan Bungalow, Wagle Estate, Shree Nagar, Thane, Maharashtra 400604, India",19.1905779,72.944149,262.2,1425,? 450.00,"? 6,41,250.00",Premium,
Thane,Cafe India Restaurant,4.1,1780,"Masan Wada, Azad Nagar, Thane West, Thane, Maharashtra 400601, India",19.2065009,72.9778055,7298,44500,? 350.00,"? 1,55,75,000.00",Popular,
Thane,Caf?? Coffee Day,4,1073,"HIRANANDANI MEADOWS, Pokhran Road, beside Star Bazaar, Manpada, Thane West, Thane, Maharashtra 400609, India",19.2278073,72.970236,4292,26825,? 350.00,"? 93,88,750.00",Popular,
Thane,Third Wave Coffee,4.9,161,"No. S/2, The Walk Mall, beside KFC, Hiranandani Estate, Thane West, Thane, Mumbai, Maharashtra 400607, India",19.2559132,72.9836902,788.9,4025,? 550.00,"? 22,13,750.00",Premium,
Thane,Thane SOCIAL,3.8,1430,"SF-32, Second Floor, Viviana Mall, Eastern Express Hwy Tenant Space, Thane West, Thane, Maharashtra 400601, India",19.2088139,72.9713387,5434,35750,? 350.00,"? 1,25,12,500.00",Average,
Thane,Loud 9 Cafe n Lounge,4.1,302,"7, Uthalsar Naka, Uthalsar, Thane West, Thane, Maharashtra 400601, India",19.201384,72.9776574,1238.2,7550,? 350.00,"? 26,42,500.00",Popular,
Thane,Chaayos Cafe at The Walk,4.2,1215,"The Walk, Hiranandani Estate, Thane West, Thane, Maharashtra 400607, India",19.2555459,72.9842773,5103,30375,? 350.00,"? 1,06,31,250.00",Popular,
Thane,"MUMBAI CAFE, Pure Veg",4.7,40,"Shop No.10, Soham Plaza, Ghodbunder Rd, nr. Manpada Flyover, Manpada Flyover, Manpada, Thane West, Thane, Maharashtra 400610, India",19.2348886,72.9758045,188,1000,? 550.00,"? 5,50,000.00",Premium,
Thane,Cafe kp,4.2,122,"shree mangal society, D-6, plot no.14, Savarkar Nagar, Thane West, Thane, Maharashtra 400606, India",19.2072934,72.9558789,512.4,3050,? 350.00,"? 10,67,500.00",Popular,
Thane,Samvene The Bagel Cafe (Hiranandani Meadows),4.2,101,"Block 2, Gate No. 3, HIRANANDANI MEADOWS, Shop No. 18, Emerald Plaza, Thane West, Thane, Maharashtra 400610, India",19.2269985,72.9704846,424.2,2525,? 350.00,"? 8,83,750.00",Popular,
Thane,"Chaayos Cafe - Viviana Mall, Thane",4.1,508,"Unit No 39, FF, Viviana Mall, Laxmi Nagar, Thane West, Thane, Maharashtra 400606, India",19.208517,72.9716735,2082.8,12700,? 350.00,"? 44,45,000.00",Popular,
Thane,abCoffee Thane Kolshet,4.9,66,"Shop No. 2, Jangid Heights CHS, next to Cinemax, Kapurbawdi, Thane West, Thane, Maharashtra 400601, India",19.2224699,72.9770746,323.4,1650,? 550.00,"? 9,07,500.00",Premium,
Thane,Chai Sutta Bar,4,484,"195, Dr Moose Marg, Ghantali, Thane West, Thane, Maharashtra 400602, India",19.1915315,72.9750705,1936,12100,? 350.00,"? 42,35,000.00",Popular,
Thane,Coffee Toffee,4,43,"Chaitanya Tower, Dada Patil Marg, Dada Patil Wadi, Shivaji Nagar, Thane West, Thane, Maharashtra 400602, India",19.1867157,72.9739186,172,1075,? 350.00,"? 3,76,250.00",Popular,
Thane,Parsik cafe,4.8,29,"Shop No.02, kavesar, opp. Rosa Manhattan, Hiranandani Estate, waghbil, Thane, Maharashtra 400615, India",19.2577752,72.977321,139.2,725,? 550.00,"? 3,98,750.00",Premium,
Thane,Aroma Chai & Snacks Cafe (Thane),4.7,14,"Shop No.3, Shalimar CHS, Tulsi Chawk, Thane East, Thane, Maharashtra 400603, India",19.1840543,72.9743932,65.8,350,? 550.00,"? 1,92,500.00",Premium,
